id,Song_Name,Artist_Name,Album_Name,Genre,Price,CopyRight,Time,Released
449,Sunburn ( Deluxe Edition ),Ed Sheeran,#NAME ?,Pop,$ 1.29,Doll records,4:35,"September 9 , 2011"
450,Sunburn ( Deluxe Edition ),Ed Sheeran,#NAME ?,Pop,$ 1.29,Doll records,4:35,"September 9 , 2011"
451,Bad Blood,Taylor Swift,1989,Pop,$ 1.29,"( C ) 2014 Big Machine Records , LLC .",3:31,"October 27 , 2014"
452,This Love,Taylor Swift,1989,Pop,$ 1.29,"( C ) 2014 Big Machine Records , LLC .",4:10,"October 27 , 2014"
453,Clean,Ryan Adams,1989,Rock,$ 1.29,( C ) 2015 PaxAmericana Recording Company Under Exclusive License To Blue Note Records,4:23,"September 21 , 2015"
454,Wildest Dreams,Taylor Swift,1989,Pop,$ 1.29,"( C ) 2014 Big Machine Records , LLC .",3:40,"October 27 , 2014"
455,"Ruby , Do n't Take Your Love To Town",Kenny Rogers,49 All Time Greatest Hits,"Country , Traditional Country , Cowboy",$ 0.89,( c ) 2008 Goldenlane Records,2:55,"August 1 , 2008"
456,Hurry Up Love,Kenny Rogers,49 All Time Greatest Hits,"Country , Traditional Country , Cowboy",$ 0.89,( c ) 2008 Goldenlane Records,2:29,"August 1 , 2008"
457,You ( + Wiley ),Ed Sheeran,5,Pop,$ 1.29,Dub Police Records,3:21,"June 23 , 2014"
458,Goodbye To You ( + Dot Rotten ),Ed Sheeran,5,Pop,$ 1.29,Dub Police Records,5:30,"June 23 , 2014"
459,Who I Am With You,Chris Young,A.M.,Country,$ 1.29,"( C ) 2010 Hollywood Records , Inc.",3:11,"September 16 , 2013"
460,The Tin Man,Kenny Chesney,All I Need To Know,Country,$ 0.99,2014 Scotty 2 Music Ascap,3:26,"June 13 , 1995"
461,Through The Ghost,Shinedown,Amaryllis,Rock,$ 1.29,Krankbrother,4:01,"March 23 , 2012"
462,Bumpin ' The Night,Florida Georgia Line,Anything Goes,Country,$ 1.29,"( C ) 2014 Republic Records , a Division of UMG Recordings , Inc. ( Republic Nashville )",3:41,"October 14 , 2014"
463,Anything Goes,Florida Georgia Line,Anything Goes,Country,$ 1.29,"( C ) 2014 Republic Records , a Division of UMG Recordings , Inc. ( Republic Nashville )",3:38,"October 14 , 2014"
464,Backwoods Beauty Queen,Florida Georgia Line,Anything Like Me,Country,$ 0.99,2011 Florida Georgia Line,4:15,"December 14 , 2010"
465,Applause ( Empire Of The Sun Remix ),Lady Gaga,Applause ( Remixes ),Pop,$ 1.29,( C ) 2013 Interscope Records,4:08,"September 30 , 2013"
466,Applause ( DJ White Shadow Electrotech Remix ),Lady Gaga,Applause ( Remixes ),Pop,$ 1.29,( C ) 2013 Interscope Records,5:49,"September 30 , 2013"
467,G.U.Y. [ Clean ],Lady Gaga,Artpop [ Clean ],Pop,$ 1.29,( C ) 2013 Interscope Records,3:52,"November 11 , 2013"
468,Bad Romance ( Kaskade Remix ),Lady Gaga,Bad Romance Remixes,Pop,$ 1.29,( C ) 2009 Interscope Records,4:21,"December 21 , 2009"
469,Skrillex Orchestral Suite By Varien ( Bonus Track ),Skrillex,Bangarang EP [ Explicit ],"Dance & Electronic , Dubstep",$ 1.29,Elektroshok Records,6:54,"December 27 , 2011"
470,Remark,Rachel Platten,Be Here,Pop,$ 0.99,"2014 Great Unknown , LLC",2:57,"April 26 , 2011"
471,Beautiful Now ( Zonderling Remix ) [ feat . Jon Bellion ],Zedd,Beautiful Now ( Remixes ),Dance & Electronic,$ 1.29,( C ) 2015 Interscope Records,3:53,"July 10 , 2015"
472,Beautiful Now ( Marshmello Remix ) [ feat . Jon Bellion ],Zedd,Beautiful Now ( Remixes ),Dance & Electronic,$ 1.29,( C ) 2015 Interscope Records,3:16,"July 10 , 2015"
473,Beautiful Now ( KDrew Remix ) [ feat . Jon Bellion ],Zedd,Beautiful Now ( Remixes ),Dance & Electronic,$ 1.29,( C ) 2015 Interscope Records,3:59,"July 10 , 2015"
474,Beautiful Now ( Scout Remix ) [ feat . Jon Bellion ],Zedd,Beautiful Now ( Scout Remix ),Dance & Electronic,$ 1.29,( C ) 2015 Interscope Records,3:18,"October 9 , 2015"
475,Take You ( Album Version ),Justin Bieber,Believe,Pop,$ 1.29,( C ) 2012 The Island Def Jam Music Group,3:40,"June 19 , 2012"
476,Die In Your Arms ( Album Version ),Justin Bieber,Believe,Pop,$ 1.29,( C ) 2012 The Island Def Jam Music Group,3:57,"June 19 , 2012"
477,Hope ( feat . Ty Dolla $ ign ) [ Explicit ],Wiz Khalifa,Blacc Hollywood ( Deluxe ) [ Explicit ],Rap & Hip-Hop,$ 1.29,2014 Atlantic Recording Corporation for the United States and WEA International Inc. for the world outside of the United States . A Warner Music Group Company,5:24,"August 19 , 2014"
478,House In The Hills ( feat . Curren $ y ) [ Explicit ],Wiz Khalifa,Blacc Hollywood ( Deluxe ) [ Explicit ],Rap & Hip-Hop,$ 1.29,2014 Atlantic Recording Corporation for the United States and WEA International Inc. for the world outside of the United States . A Warner Music Group Company,4:52,"August 19 , 2014"
479,True Colors ( feat . Nicki Minaj ) [ Explicit ],Wiz Khalifa,Blacc Hollywood ( Deluxe ) [ Explicit ],Rap & Hip-Hop,$ 1.29,2014 Atlantic Recording Corporation for the United States and WEA International Inc. for the world outside of the United States . A Warner Music Group Company,4:15,"August 19 , 2014"
480,"We Dem Boyz Remix ( feat . Rick Ross , ScHoolboy Q & Nas ) [ Explicit ]",Wiz Khalifa,Blacc Hollywood ( Deluxe ) [ Explicit ],Rap & Hip-Hop,$ 1.29,2014 Atlantic Recording Corporation for the United States and WEA International Inc. for the world outside of the United States . A Warner Music Group Company,5:19,"August 19 , 2014"
481,KK ( feat . Project Pat & Juicy J ) [ Explicit ],Wiz Khalifa,Blacc Hollywood ( Deluxe ) [ Explicit ],Rap & Hip-Hop,$ 1.29,2014 Atlantic Recording Corporation for the United States and WEA International Inc. for the world outside of the United States . A Warner Music Group Company,4:09,"August 19 , 2014"
482,House In The Hills ( feat . Curren $ y ) [ Explicit ],Wiz Khalifa,Blacc Hollywood ( Deluxe ) [ Explicit ],Rap & Hip-Hop,$ 1.29,2014 Atlantic Recording Corporation for the United States and WEA International Inc. for the world outside of the United States . A Warner Music Group Company,4:52,"August 19 , 2014"
483,Still Down ( feat . Chevy Woods & Ty Dolla $ ign ) [ Explicit ],Wiz Khalifa,Blacc Hollywood ( Deluxe ) [ Explicit ],Rap & Hip-Hop,$ 1.29,2014 Atlantic Recording Corporation for the United States and WEA International Inc. for the world outside of the United States . A Warner Music Group Company,4:16,"August 19 , 2014"
484,True Colors ( feat . Nicki Minaj ) [ Explicit ],Wiz Khalifa,Blacc Hollywood ( Deluxe ) [ Explicit ],Rap & Hip-Hop,$ 1.29,2014 Atlantic Recording Corporation for the United States and WEA International Inc. for the world outside of the United States . A Warner Music Group Company,4:15,"August 19 , 2014"
485,You And Your Friends ( feat . Snoop Dogg & Ty Dolla $ ign ) [ Explicit ],Wiz Khalifa,Blacc Hollywood ( Deluxe ) [ Explicit ],Rap & Hip-Hop,$ 1.29,2014 Atlantic Recording Corporation for the United States and WEA International Inc. for the world outside of the United States . A Warner Music Group Company,3:06,"August 19 , 2014"
486,KK ( feat . Project Pat & Juicy J ) [ Explicit ],Wiz Khalifa,Blacc Hollywood ( Deluxe ) [ Explicit ],Rap & Hip-Hop,$ 1.29,2014 Atlantic Recording Corporation for the United States and WEA International Inc. for the world outside of the United States . A Warner Music Group Company,4:09,"August 19 , 2014"
487,So High ( feat . Ghost Loft ) [ Explicit ],Wiz Khalifa,Blacc Hollywood ( Deluxe ) [ Explicit ],Rap & Hip-Hop,$ 1.29,2014 Atlantic Recording Corporation for the United States and WEA International Inc. for the world outside of the United States . A Warner Music Group Company,4:09,"August 19 , 2014"
488,"We Dem Boyz Remix ( feat . Rick Ross , ScHoolboy Q & Nas ) [ Explicit ]",Wiz Khalifa,Blacc Hollywood ( Deluxe ) [ Explicit ],Rap & Hip-Hop,$ 1.29,2014 Atlantic Recording Corporation for the United States and WEA International Inc. for the world outside of the United States . A Warner Music Group Company,5:19,"August 19 , 2014"
489,You And Your Friends ( feat . Snoop Dogg & Ty Dolla $ ign ) [ Explicit ],Wiz Khalifa,Blacc Hollywood ( Deluxe ) [ Explicit ],Rap & Hip-Hop,$ 1.29,2014 Atlantic Recording Corporation for the United States and WEA International Inc. for the world outside of the United States . A Warner Music Group Company,3:06,"August 19 , 2014"
490,We Dem Boyz [ Explicit ],Wiz Khalifa,Blacc Hollywood [ Explicit ],Rap & Hip-Hop,$ 1.29,2014 Atlantic Recording Corporation for the United States and WEA International Inc. for the world outside of the United States . A Warner Music Group Company,3:45,"August 19 , 2014"
491,Still Down ( feat . Chevy Woods & Ty Dolla $ ign ) [ Explicit ],Wiz Khalifa,Blacc Hollywood [ Explicit ],Rap & Hip-Hop,$ 1.29,2014 Atlantic Recording Corporation for the United States and WEA International Inc. for the world outside of the United States . A Warner Music Group Company,4:16,"August 19 , 2014"
492,True Colors ( feat . Nicki Minaj ) [ Explicit ],Wiz Khalifa,Blacc Hollywood [ Explicit ],Rap & Hip-Hop,$ 1.29,2014 Atlantic Recording Corporation for the United States and WEA International Inc. for the world outside of the United States . A Warner Music Group Company,4:15,"August 19 , 2014"
493,So High ( feat . Ghost Loft ) [ Explicit ],Wiz Khalifa,Blacc Hollywood [ Explicit ],Rap & Hip-Hop,$ 1.29,2014 Atlantic Recording Corporation for the United States and WEA International Inc. for the world outside of the United States . A Warner Music Group Company,4:09,"August 19 , 2014"
494,True Colors ( feat . Nicki Minaj ) [ Explicit ],Wiz Khalifa,Blacc Hollywood [ Explicit ],Rap & Hip-Hop,$ 1.29,2014 Atlantic Recording Corporation for the United States and WEA International Inc. for the world outside of the United States . A Warner Music Group Company,4:15,"August 19 , 2014"
495,Blame ( Burns Remix ),Calvin Harris feat . John Newman,Blame ( Remixes ),Dance & Electronic,$ 1.29,2013 1i Music,4:17,"November 10 , 2014"
496,Goner,twenty one pilots,Blurryface,Alternative Rock,$ 1.29,2015 Fueled By Ramen LLC for the United States and WEA International Inc. for the world outside of the United States . A Warner Music Group Company,3:56,"May 15 , 2015"
497,Electric Chapel ( Two Door Cinema Club Remix ),Lady Gaga,Born This Way - The Remix,Pop,$ 1.29,( C ) 2011 Interscope Records,3:59,"November 21 , 2011"
498,Yayo,Lana Del Rey,Born To Die - The Paradise Edition [ Explicit ],Alternative Rock,$ 1.29,( C ) 2012 Lana Del Rey under exclusive licence to Polydor Ltd. ( UK ) . Under exclusive licence to Interscope Records in the USA,3:57,"November 13 , 2012"
499,Bounce ( Fly Eye Club Mix ),Calvin Harris Feat . Kelis,Bounce,Dance & Electronic,$ 1.29,2015 Bill Maki,6:06,"February 5 , 2013"
500,One Mississippi,Brett Eldredge,Bring You Back,Country,$ 1.29,2011 Toraay Records,3:45,"August 6 , 2013"
501,Busy ( N3mrod Remix ) [ feat . Kevin Lyttle ] [ Explicit ],Boy Face,Busy ( N3mrod Remix ) [ feat . Kevin Lyttle ] [ Explicit ],Dance & Electronic,$ 0.99,2015 Perpetual Motions Ent . / F Pac Records/FROGG LIFE,2:32,"April 10 , 2015"
502,Chevy Van,Eric Church,Caldwell County EP,Country,$ 1.29,( C ) 2011 EMI Records Nashville,2:48,"January 14 , 2011"
503,Is It Love,P!nk,Ca n't Take Me Home,Pop,$ 0.99,"( C ) 2008 Concord Music Group , Inc.",3:38,"May 17 , 1999"
504,Omen [ feat . Sam Smith ],Disclosure,Caracal ( Deluxe ),"Electronica , Dance & Electronic",$ 1.29,"( C ) 2015 Island Records , a division of Universal Music Operations Limited",3:50,"September 25 , 2015"
505,Magnets [ feat . Lorde ],Disclosure,Caracal ( Deluxe ),"Electronica , Dance & Electronic",$ 1.29,"( C ) 2015 Island Records , a division of Universal Music Operations Limited",3:19,"September 25 , 2015"
506,Willing & Able [ feat . Kwabs ],Disclosure,Caracal ( Deluxe ),"Electronica , Dance & Electronic",$ 1.29,"( C ) 2015 Island Records , a division of Universal Music Operations Limited",4:52,"September 25 , 2015"
507,Moving Mountains [ feat . Brendan Reilly ],Disclosure,Caracal ( Deluxe ),"Electronica , Dance & Electronic",$ 1.29,"( C ) 2015 Island Records , a division of Universal Music Operations Limited",5:36,"September 25 , 2015"
508,Holding On [ feat . Gregory Porter ],Disclosure,Caracal,"Electronica , Dance & Electronic",$ 1.29,"( C ) 2015 Island Records , a division of Universal Music Operations Limited",5:15,"September 25 , 2015"
509,Magnets [ feat . Lorde ],Disclosure,Caracal,"Electronica , Dance & Electronic",$ 1.29,"( C ) 2015 Island Records , a division of Universal Music Operations Limited",3:19,"September 25 , 2015"
510,Over When It 's Over,Eric Church,Caught In The Act : Live,Country,$ 1.29,( C ) 2013 EMI Records Nashville,2:59,"April 5 , 2013"
511,Pledge Allegiance To The Hag ( Live ),Eric Church,Caught In The Act : Live,Country,$ 1.29,( C ) 2013 EMI Records Nashville,4:55,"April 5 , 2013"
512,Ai n't Got Nothing ( Album Version ( Edited ) ) [ feat . Lil Boosie ] [ Clean ],David Banner,Certified ( Edited Version ),Rap & Hip-Hop,$ 0.99,"( C ) 2014 Island Records , a division of UMG Recordings , Inc.",3:52,"September 20 , 2005"
513,Bloody War ( Album Version ( Edited ) ) [ feat . BG ] [ Clean ],David Banner,Certified ( Edited Version ),Rap & Hip-Hop,$ 0.99,"( C ) 2014 Island Records , a division of UMG Recordings , Inc.",4:27,"September 20 , 2005"
514,Take Your ( Album Version ( Edited ) ) [ feat . Bun B ] [ Clean ],David Banner,Certified ( Edited Version ),Rap & Hip-Hop,$ 0.69,"( C ) 2014 Island Records , a division of UMG Recordings , Inc.",4:42,"September 20 , 2005"
515,Crossroads ( Album Version ( Edited ) ) [ feat . Grout ] [ Clean ],David Banner,Certified ( Edited Version ),Rap & Hip-Hop,$ 0.99,"( C ) 2014 Island Records , a division of UMG Recordings , Inc.",3:45,"September 20 , 2005"
516,Over When It 's Over,Eric Church,Chief,Country,$ 1.29,( C ) 2011 EMI Records Nashville,2:39,"July 22 , 2011"
517,Sweet Little Jesus Boy,Kenny Rogers,Christmas Greetings,"Holiday , Christmas , Miscellaneous",$ 1.29,"( C ) 2000 Capitol Records , LLC",3:04,"August 17 , 2000"
518,Clarity ( Zedd Union Mix ) [ feat . Foxes ],Zedd,Clarity ( Remixes ),Dance & Electronic,$ 1.29,( C ) 2013 Interscope Records,3:28,"February 12 , 2013"
519,Spectrum [ feat . Matthew Koma ],Zedd,Clarity,Dance & Electronic,$ 1.29,( C ) 2012 Interscope Records,4:03,"October 9 , 2012"
520,The Back Roads & The Back Row,Cole Swindell,Cole Swindell,Country,$ 1.29,"( C ) 2011 UMG Recordings , Inc.",3:44,"February 18 , 2014"
521,The Back Roads & The Back Row,Cole Swindell,Cole Swindell,Country,$ 1.29,"( C ) 2011 UMG Recordings , Inc.",3:44,"February 18 , 2014"
522,Boiling ( Medlar Remix ),Disclosure,Control,Dance & Electronic,$ 0.89,2013 Greco-Roman Ltd,5:52,"April 2 , 2013"
523,Cuando Te Veo Remix Feat . Nicky Jam ( Urban Version ),ChocQuibTown feat . Nicky Jam,Cuando Te Veo Remix Feat . Nicky Jam,"International , Latin Music",$ 1.29,( C ) 2014 Acoda,3:51,"April 17 , 2015"
524,Dangerous ( feat . Sam Martin ),David Guetta,Dangerous ( feat . Sam Martin ),Dance & Electronic,$ 1.29,2013 Howard Hersh,3:23,"October 6 , 2014"
525,Platinum ( ( Feat . R. Kelly ) [ Edited ] ),Snoop Dogg,Doggumentary [ Edited ],"Rap & Hip-Hop , West Coast",$ 1.29,"( C ) 2011 Capitol Records , LLC",4:29,"March 29 , 2011"
526,Boom ( ( Feat . T-Pain ) [ Edited ] ),Snoop Dogg,Doggumentary [ Edited ],"Rap & Hip-Hop , West Coast",$ 1.29,"( C ) 2011 Capitol Records , LLC",3:50,"March 29 , 2011"
527,Toyz N Da Hood ( Feat . Bootsy Collins ) [ Explicit ],Snoop Dogg,Doggumentary [ Explicit ],"Rap & Hip-Hop , West Coast",$ 1.29,"( C ) 2011 Capitol Records , LLC",2:40,"March 29 , 2011"
528,This Weed Iz Mine ( Feat . Wiz Khalifa ) [ Explicit ],Snoop Dogg,Doggumentary [ Explicit ],"Rap & Hip-Hop , West Coast",$ 1.29,"( C ) 2011 Capitol Records , LLC",3:43,"March 29 , 2011"
529,Doin ' My Thing,Luke Bryan,Doin ' My Thing,Country,$ 1.29,( C ) 2009 Capitol Records Nashville,3:09,"October 2 , 2009"
530,Ease My Mind ( feat . Niki and the Dove ) [ GTA Remix ],Skrillex,Ease My Mind v Ragga Bomb Remixes,"Dance & Electronic , Dubstep",$ 1.29,"2014 OWSLA/Big Beat Records , Inc. for the United States and WEA International Inc. for the world outside of the United States .",4:41,"November 24 , 2014"
531,El PerdÌ_n ( Gregor Salto Remix ),Nicky Jam & Enrique Iglesias,El PerdÌ_n ( The Remixes ),"International , Latin Music , Latin Hip-Hop",$ 1.29,2015 Real Sounds,4:09,"July 1 , 2015"
532,X2CU,Jason Derulo,Everything Is 4 [ Clean ],Pop,$ 1.29,2011 Because Music,5:14,"June 1 , 2015"
533,White Horse,Taylor Swift,Fearless,"Country , Country Rock , Rock",$ 1.29,"( C ) 2008 Big Machine Records , LLC",3:54,"November 11 , 2008"
534,How We Do Things ( feat . Monty ) [ Clean ],Fetty Wap,Fetty Wap ( Deluxe ) [ Clean ],Rap & Hip-Hop,$ 1.29,"( C ) 2000 Mute Records Ltd. , a BMG Company , under exclusive license to INgrooves",3:31,"September 25 , 2015"
535,Rewind ( feat . Monty ) [ Clean ],Fetty Wap,Fetty Wap ( Deluxe ) [ Clean ],Rap & Hip-Hop,$ 1.29,"( C ) 2000 Mute Records Ltd. , a BMG Company , under exclusive license to INgrooves",5:36,"September 25 , 2015"
536,For My Team ( feat . Monty ) [ Clean ],Fetty Wap,Fetty Wap ( Deluxe ) [ Clean ],Rap & Hip-Hop,$ 1.29,"( C ) 2000 Mute Records Ltd. , a BMG Company , under exclusive license to INgrooves",3:28,"September 25 , 2015"
537,Whateva ( feat . Monty ) [ Clean ],Fetty Wap,Fetty Wap ( Deluxe ) [ Clean ],Rap & Hip-Hop,$ 1.29,"( C ) 2000 Mute Records Ltd. , a BMG Company , under exclusive license to INgrooves",5:11,"September 25 , 2015"
538,My Way ( feat . Monty ) [ Explicit ],Fetty Wap,Fetty Wap ( Deluxe ) [ Explicit ],Rap & Hip-Hop,$ 1.29,"( C ) 2000 Mute Records Ltd. , a BMG Company , under exclusive license to INgrooves",3:33,"September 25 , 2015"
539,Whateva ( feat . Monty ) [ Explicit ],Fetty Wap,Fetty Wap ( Deluxe ) [ Explicit ],Rap & Hip-Hop,$ 1.29,"( C ) 2000 Mute Records Ltd. , a BMG Company , under exclusive license to INgrooves",5:11,"September 25 , 2015"
540,How We Do Things ( feat . Monty ) [ Clean ],Fetty Wap,Fetty Wap [ Clean ],Rap & Hip-Hop,$ 1.29,"( C ) 2000 Mute Records Ltd. , a BMG Company , under exclusive license to INgrooves",3:31,"September 25 , 2015"
541,Jugg ( feat . Monty ) [ Clean ],Fetty Wap,Fetty Wap [ Clean ],Rap & Hip-Hop,$ 1.29,"( C ) 2000 Mute Records Ltd. , a BMG Company , under exclusive license to INgrooves",3:20,"September 25 , 2015"
542,My Way ( feat . Monty ) [ Clean ],Fetty Wap,Fetty Wap [ Clean ],Rap & Hip-Hop,$ 1.29,"( C ) 2000 Mute Records Ltd. , a BMG Company , under exclusive license to INgrooves",3:32,"September 25 , 2015"
543,Time ( feat . Monty ) [ Clean ],Fetty Wap,Fetty Wap [ Clean ],Rap & Hip-Hop,$ 1.29,"( C ) 2000 Mute Records Ltd. , a BMG Company , under exclusive license to INgrooves",4:38,"September 25 , 2015"
544,How We Do Things ( feat . Monty ) [ Explicit ],Fetty Wap,Fetty Wap [ Explicit ],Rap & Hip-Hop,$ 1.29,"( C ) 2000 Mute Records Ltd. , a BMG Company , under exclusive license to INgrooves",3:31,"September 25 , 2015"
545,679 ( feat . Monty ) [ Explicit ],Fetty Wap,Fetty Wap [ Explicit ],Rap & Hip-Hop,$ 1.29,"( C ) 2000 Mute Records Ltd. , a BMG Company , under exclusive license to INgrooves",3:07,"September 25 , 2015"
546,My Way ( feat . Monty ) [ Explicit ],Fetty Wap,Fetty Wap [ Explicit ],Rap & Hip-Hop,$ 1.29,"( C ) 2000 Mute Records Ltd. , a BMG Company , under exclusive license to INgrooves",3:33,"September 25 , 2015"
547,Rewind ( feat . Monty ) [ Explicit ],Fetty Wap,Fetty Wap [ Explicit ],Rap & Hip-Hop,$ 1.29,"( C ) 2000 Mute Records Ltd. , a BMG Company , under exclusive license to INgrooves",5:36,"September 25 , 2015"
548,ICE ( Kaskades ICE Mix ),Kaskade,Fire & Ice,"Dance & Electronic , House",$ 1.29,2012 Coastal Entertainment,4:30,"July 23 , 2013"
549,Extra Extra Credit [ Explicit ],Wiz Khalifa,Flight School [ Explicit ],Rap & Hip-Hop,$ 0.99,2013 Mad Decent,4:03,"April 17 , 2009"
550,I 'm Good [ Explicit ],Wiz Khalifa,Flight School [ Explicit ],Rap & Hip-Hop,$ 0.99,2013 Mad Decent,2:32,"April 17 , 2009"
551,Extra Extra Credit [ Explicit ],Wiz Khalifa,Flight School [ Explicit ],Rap & Hip-Hop,$ 0.99,2013 Mad Decent,4:03,"April 17 , 2009"
552,"Jet Blue Jet ( feat . Leftside , GTA , Razz & Biggy )",Major Lazer,Free the Universe,Dance & Electronic,$ 1.29,2013 Secretly Canadian / Mad Decent,3:19,"April 16 , 2013"
553,Jah No Partial ( feat . Flux Pavilion ),Major Lazer,Free the Universe,Dance & Electronic,$ 1.29,2013 Secretly Canadian / Mad Decent,4:12,"April 16 , 2013"
554,I Do n't Believe You,P!nk,Funhouse ( Explicit ),"R&B , Pop",$ 1.29,( c ) 2006 Roadshow,4:36,"October 28 , 2008"
555,It Girl,Jason Derulo,Future History ( Deluxe Version ),Pop,$ 1.29,( C ) 2013 Hit Red Records under exclusive license to Capitol Records Nashville,3:12,"September 16 , 2011"
556,Gdfr ( Feat . Sage The Gemini & Lookas ) [ K. Theory Remix ],Flo Rida,Gdfr ( Feat . Sage The Gemini & Lookas ) [ Remixes ],Rap & Hip-Hop,$ 1.29,2014 Atlantic Recording Corporation for the United States and WEA International Inc. for the world outside of the United States . A Warner Music Group Company,3:08,"January 21 , 2015"
557,You Gon na Fly,Keith Urban,Get Closer ( Deluxe Version ),Country,$ 1.29,( C ) 2011 Hit Red Records under exclusive license to Capitol Records Nashville,3:36,"February 22 , 2011"
558,Break Free [ feat . Zedd ],Major Lazer,Get It : Hip-Hop & Pop for Now [ Explicit ],Dance & Electronic,$ 1.29,2013 Secretly Canadian / Mad Decent,3:34,
559,Good Feeling ( Hook N Sling Remix ),Flo Rida,Good Feeling ( Remixes ),Dance & Electronic,$ 1.29,( C ) 2009 MPL Tours Inc. under exclusive license to StarCon LLC d/b/a Hear MusicTM,6:15,"November 15 , 2011"
560,Good Feeling ( Jaywalker Remix ),Flo Rida,Good Feeling ( Remixes ),Dance & Electronic,$ 1.29,( C ) 2009 MPL Tours Inc. under exclusive license to StarCon LLC d/b/a Hear MusicTM,4:51,"November 15 , 2011"
561,Good For You ( Yellow Claw & Cesqeaux Remix ) [ feat . A$ AP Rocky ],Selena Gomez,Good For You ( Remixes ),Pop,$ 1.29,( C ) 2015 Interscope Records,3:01,"September 4 , 2015"
562,Days Go By,Keith Urban,Greatest Hits - 18 Kids,Country,$ 1.29,"å © 2007 Capitol Records Nashville . All rights reserved . Unauthorized reproduction is a violation of applicable laws . Manufactured by Capitol Records Nashville , 3322 West End Avenue , 11th Floor , Nash",3:49,"November 20 , 2007"
563,Voy a Beber ( Remix ),Nicky Jam,"Greatest Hits , Vol . 1","International , Latin Music",$ 0.99,( C ) 2014 La industria Inc,3:44,"November 4 , 2014"
564,Voy a Beber ( Remix ),Nicky Jam,"Greatest Hits , Vol . 1","International , Latin Music",$ 0.99,( C ) 2014 La industria Inc,3:44,"November 4 , 2014"
565,Fall in Love ( Remix ),Kenny Chesney,Greatest Hits,Country,$ 0.99,( C ) 2014 La industria Inc,2:37,"September 26 , 2000"
566,Hold The Line [ feat . Santigold ] [ Explicit ],Major Lazer,Guns Do n't Kill People ... Lazers Do ( Deluxe ) [ Explicit ],"Electronica , Dance & Electronic",$ 1.29,"( C ) 2009 Downtown Music , LLC .",3:39,"June 3 , 2015"
567,Cash Flow [ feat . Jah Dan ],Major Lazer,Guns Do n't Kill People ... Lazers Do ( Deluxe ) [ Explicit ],"Electronica , Dance & Electronic",$ 1.29,"( C ) 2009 Downtown Music , LLC .",4:06,"June 3 , 2015"
568,I Know You Care,Ellie Goulding,Halcyon ( Deluxe ),Pop,$ 1.29,( C ) 2013 Polydor Ltd. ( UK ),3:26,"August 27 , 2013"
569,Halcyon,Ellie Goulding,Halcyon,Pop,$ 1.29,( C ) 2013 Polydor Ltd. ( UK ),3:24,"August 27 , 2013"
570,Rashi ( Outro ),Mark Ronson,Here Comes The Fuzz [ Explicit ],Dance & Electronic,$ 0.99,( c ) 2015 Karaoke Freaks,2:01,"August 29 , 2003"
571,This Is How We Roll [ feat . Luke Bryan ],Florida Georgia Line,Here 's To The Good Times ... This Is How We Roll,Country,$ 1.29,"( C ) 2013 Big Machine Label Group , LLC",3:40,"November 25 , 2013"
572,Here 's To The Good Times,Florida Georgia Line,Here 's To The Good Times,Country,$ 1.29,"( C ) 2012 Big Machine Label Group , LLC",4:10,"December 4 , 2012"
573,"Hey Mama ( feat . Nicki Minaj , Bebe Rexha & Afrojack ) [ DJ LBR Remix ]",David Guetta,"Hey Mama ( feat . Nicki Minaj , Bebe Rexha & Afrojack ) [ Remixes EP ]",Dance & Electronic,$ 1.29,2015 Michelle Kelly,3:23,"May 12 , 2015"
574,"Hey Mama ( feat . Nicki Minaj , Bebe Rexha & Afrojack ) [ Club Killers Remix ]",David Guetta,"Hey Mama ( feat . Nicki Minaj , Bebe Rexha & Afrojack ) [ Remixes EP ]",Dance & Electronic,$ 1.29,2015 Michelle Kelly,4:01,"May 12 , 2015"
575,Hey Mama ( Zia Moz Remix ),"Zia Moz feat . David Guetta , Bebe Rexha , Nicki Minaj and Afrojack",Hey Mama,Dance & Electronic,$ 0.99,"2015 Zia Moz , David Guetta , Onika Maraj , Giorgio Tuinfort , Nick van de Wall , Ester Dean , Bebe Rexha , Sean Douglas",3:12,"June 1 , 2015"
576,First,Cold War Kids,Hold My Home,Alternative Rock,$ 1.29,( C ) 2014 Downtown Records,3:20,"October 21 , 2014"
577,Wonder [ feat . Emeli SandÌ © ],Naughty Boy,Hotel Cabana ( Deluxe Version ) [ Explicit ],Pop,$ 1.29,( C ) 2014 Naughty Boy Recordings Ltd under exclusive licence to Virgin Records Ltd,3:27,"May 6 , 2014"
578,Never Been The Same [ feat . Thabo ],Naughty Boy,Hotel Cabana ( Deluxe Version ) [ Explicit ],Pop,$ 1.29,( C ) 2014 Naughty Boy Recordings Ltd under exclusive licence to Virgin Records Ltd,3:29,"May 6 , 2014"
579,Hollywood [ feat . Gabrielle ],Naughty Boy,Hotel Cabana ( Deluxe Version ) [ Explicit ],Pop,$ 1.29,( C ) 2014 Naughty Boy Recordings Ltd under exclusive licence to Virgin Records Ltd,4:05,"May 6 , 2014"
580,Pardon Me [ feat . Tanika ],Naughty Boy,Hotel Cabana ( Deluxe Version ) [ Explicit ],Pop,$ 1.29,( C ) 2014 Naughty Boy Recordings Ltd under exclusive licence to Virgin Records Ltd,2:50,"May 6 , 2014"
581,One Way [ feat . Mic Righteous ],Naughty Boy,Hotel Cabana ( Deluxe Version ) [ Explicit ],Pop,$ 1.29,( C ) 2014 Naughty Boy Recordings Ltd under exclusive licence to Virgin Records Ltd,3:26,"May 6 , 2014"
582,So Strong [ feat . Chasing Grace ],Naughty Boy,Hotel Cabana ( Deluxe Version ) [ Explicit ],Pop,$ 1.29,( C ) 2014 Naughty Boy Recordings Ltd under exclusive licence to Virgin Records Ltd,3:36,"May 6 , 2014"
583,Wonder [ feat . Emeli SandÌ © ],Naughty Boy,Hotel Cabana [ Explicit ],Pop,$ 1.29,( C ) 2014 Naughty Boy Recordings Ltd under exclusive licence to Virgin Records Ltd,3:27,"May 6 , 2014"
584,Think About It [ feat . Wiz Khalifa ] [ Explicit ],Naughty Boy,Hotel Cabana [ Explicit ],Pop,$ 1.29,( C ) 2014 Naughty Boy Recordings Ltd under exclusive licence to Virgin Records Ltd,3:05,"May 6 , 2014"
585,La La La [ feat . Sam Smith ],Naughty Boy,Hotel Cabana [ Explicit ],Pop,$ 1.29,( C ) 2014 Naughty Boy Recordings Ltd under exclusive licence to Virgin Records Ltd,3:42,"May 6 , 2014"
586,Pluto [ feat . Wretch 32 ],Naughty Boy,Hotel Cabana [ Explicit ],Pop,$ 1.29,( C ) 2014 Naughty Boy Recordings Ltd under exclusive licence to Virgin Records Ltd,3:58,"May 6 , 2014"
587,No One 's Here To Sleep [ feat . Bastille ] [ Explicit ],Naughty Boy,Hotel Cabana [ Explicit ],Pop,$ 1.29,( C ) 2014 Naughty Boy Recordings Ltd under exclusive licence to Virgin Records Ltd,4:32,"May 6 , 2014"
588,Lifted [ feat . Emeli SandÌ © ],Naughty Boy,Hotel Cabana [ Explicit ],Pop,$ 1.29,( C ) 2014 Naughty Boy Recordings Ltd under exclusive licence to Virgin Records Ltd,3:17,"May 6 , 2014"
589,Top Floor ( Cabana ) [ feat . Ed Sheeran ],Naughty Boy,Hotel Cabana [ Explicit ],Pop,$ 1.29,( C ) 2014 Naughty Boy Recordings Ltd under exclusive licence to Virgin Records Ltd,2:09,"May 6 , 2014"
590,How Deep Is Your Love ( Calvin Harris & R3hab Remix ),Calvin Harris & Disciples,How Deep Is Your Love ( Remixes ),Dance & Electronic,$ 1.29,"( C ) 2015 Island Records , a division of Universal Music Operations Limited",4:16,"August 7 , 2015"
591,How Deep Is Your Love ( Chris Lake Remix ),Calvin Harris & Disciples,How Deep Is Your Love ( Remixes ),Dance & Electronic,$ 1.29,"( C ) 2015 Island Records , a division of Universal Music Operations Limited",5:06,"August 7 , 2015"
592,How Deep Is Your Love ( Disciples & Unorthodox Remix ),Calvin Harris & Disciples,How Deep Is Your Love ( Remixes ),Dance & Electronic,$ 1.29,"( C ) 2015 Island Records , a division of Universal Music Operations Limited",6:04,"August 7 , 2015"
593,No Worries ( Album Version ( Explicit ) ) [ feat . Detail ] [ Explicit ],Lil Wayne,I Am Not A Human Being II ( Explicit Version ) [ + digital booklet ],Rap & Hip-Hop,$ 1.29,2005 Secretly Canadian,3:42,"March 26 , 2013"
594,Love Me ( Album Version ( Explicit ) ) [ feat . Drake ] [ Explicit ],Lil Wayne,I Am Not A Human Being II ( Explicit Version ) [ + digital booklet ],Rap & Hip-Hop,$ 1.29,2005 Secretly Canadian,4:15,"March 26 , 2013"
595,Wowzerz ( Album Version ( Explicit ) ) [ feat . Trina ] [ Explicit ],Lil Wayne,I Am Not A Human Being II ( Explicit Version ) [ + digital booklet ],Rap & Hip-Hop,$ 1.29,2005 Secretly Canadian,3:45,"March 26 , 2013"
596,I Ca n't Lose ( LindstrÌüm Remix ),Mark Ronson feat . Keyone Starr,I Ca n't Lose ( Remixes ) - EP,Pop,$ 1.29,2015 Real Sounds,7:42,"July 3 , 2015"
597,Electro Man,Calvin Harris,I Created Disco,"Dance & Electronic , Pop , House",$ 0.99,2002 Defected Records Ltd,4:56,"February 22 , 2012"
598,We 're All The Same,Calvin Harris,I Created Disco,"Dance & Electronic , Pop , House",$ 0.99,2002 Defected Records Ltd,3:56,"February 22 , 2012"
599,"I Do n't Like It , I Love It ( feat . Robin Thicke & Verdine White ) [ Noodles Remix ]",Flo Rida,"I Do n't Like It , I Love It ( feat . Robin Thicke & Verdine White ) [ Noodles Remix ]",Dance & Electronic,$ 1.29,2015 Atlantic Recording Corporation for the United States and WEA International Inc. for the world outside of the United States . A Warner Music Group Company,4:27,"June 23 , 2015"
600,Tackle Box,Luke Bryan,I 'll Stay Me,Country,$ 1.29,"( C ) 2007 Capitol Records Nashville . All rights reserved . Unauthorized reproduction is a violation of applicable laws . Manufactured by Capitol Records Nashville , 3322 West End Avenue , 11th Floor , Nash",4:02,"August 14 , 2007"
601,I Have Seen The Rain ( Featuring James T. Moore ) ( Main Version ),P!nk,I 'm Not Dead [ Explicit ],"Dance & Electronic , Pop , R&B",$ 0.99,"( C ) 2009 Foo & Blu , LLC under exclusive License to Interscope Records",3:29,"April 4 , 2006"
602,6PM In New York [ Explicit ],Drake,If You 're Reading This It 's Too Late [ Explicit ],Rap & Hip-Hop,$ 1.29,( C ) 2015 Cash Money Records Inc.,4:43,"February 13 , 2015"
603,Jack Daniels and Jesus,Chase Rice,Ignite the Night ( Party Edition ) [ Explicit ],Country,$ 0.89,"( C ) 2014 Dack Janiels Records , under exclusive license to Sony Music Entertainment .",3:55,"August 19 , 2014"
604,Jack Daniels and Jesus,Chase Rice,Ignite the Night,Country,$ 1.29,"( C ) 2014 Dack Janiels Records , under exclusive license to Sony Music Entertainment .",3:55,"August 19 , 2014"
605,50 Shades of Crazy,Chase Rice,Ignite the Night,Country,$ 1.29,"( C ) 2014 Dack Janiels Records , under exclusive license to Sony Music Entertainment .",3:10,"August 19 , 2014"
606,Going Away For A While,Brett Eldredge,Illinois,Country,$ 1.29,( c ) Phonotype,3:15,"September 11 , 2015"
607,Going Away For A While,Brett Eldredge,Illinois,Country,$ 1.29,( c ) Phonotype,3:15,"September 11 , 2015"
608,Going Away For A While,Brett Eldredge,Illinois,Country,$ 1.29,( c ) Phonotype,3:15,"September 11 , 2015"
609,I 'd Love To Change Your Name,Kenny Chesney,In My Wildest Dreams,Country,$ 0.99,( p ) Moda Black,2:48,"July 27 , 2004"
610,"This Ai n't A Scene , It 's An Arms Race ( Live From Hammersmith Palais )",Fall Out Boy,Infinity On High - Deluxe Bonus EP,Alternative Rock,$ 1.29,( C ) 2007 The Island Def Jam Music Group,3:23,"November 20 , 2007"
611,Thriller ( Live From Hammersmith Palais ),Fall Out Boy,Infinity On High - Deluxe Bonus EP,Alternative Rock,$ 0.99,( C ) 2007 The Island Def Jam Music Group,3:32,"November 20 , 2007"
612,I 've Got All This Ringing In My Ears And None On My Fingers,Fall Out Boy,Infinity On High,Rock,$ 0.99,( C ) 2007 The Island Def Jam Music Group,4:06,"February 6 , 2007"
613,Just Dance ( RedOne Remix ),Lady Gaga,Just Dance ( Remix EP pt2 ),Pop,$ 1.29,( C ) 2008 Interscope,4:19,"November 4 , 2008"
614,Keep It Goin ' Louder ( Savage Skulls Remix ) [ Explicit ],Major Lazer,Keep It Goin ' Louder ( Maxi Single ) [ Explicit ],"Electronica , Dance & Electronic",$ 0.99,"( C ) 2009 Downtown Music , LLC . Downtown Records is a trademark of Downtown Music , LLC .",5:03,"December 21 , 2009"
615,Billy,Keith Urban,Keith Urban In The Ranch,Country,$ 1.29,( c ) 1997 Capitol Nashville,3:46,"February 10 , 2004"
616,I Thought You Knew,Keith Urban,Keith Urban,Country,$ 1.29,( C ) 1999 Capitol Records Nashville,3:51,"October 19 , 1999"
617,I Know [ feat . Wiz Khalifa ] [ Explicit ],Diddy - Dirty Money,Last Train To Paris [ Explicit ],Rap & Hip-Hop,$ 1.29,( C ) 2010 Bad Boy/Interscope Records,4:31,"December 14 , 2010"
618,( You Make Me Feel Like ) A Natural Woman ( American Idol Performance ),Lauren Alaina,Lauren Alaina - American Idol Season 10,Country,$ 1.29,"( C ) 2011 19 Recordings , Inc.",2:53,"May 25 , 2011"
619,Lean On ( Piano Karaoke Accompaniment ) [ Original Key ] [ feat . MÌ ÷ ],"Major Lazer , DJ Snake",Lean On ( Piano Karaoke Accompaniment ) [ feat . MÌü ],Miscellaneous,$ 0.69,Sing as a star,3:14,"August 31 , 2015"
620,Lean On ( Fono Remix ) [ feat . MÌ ÷ & DJ Snake ],Major Lazer,Lean On ( Remixes ),Dance & Electronic,$ 1.29,2015 Mad Decent,5:09,"July 10 , 2015"
621,Fly From The Inside,Shinedown,Leave A Whisper ( Deluxe ),Rock,$ 1.29,2015 Mad Decent,3:55,"May 27 , 2003"
622,Simple Man [ Acoustic ],Shinedown,Leave A Whisper ( Deluxe ),Rock,$ 1.29,2015 Mad Decent,5:20,"May 27 , 2003"
623,Left Out [ Demo ],Shinedown,Leave A Whisper ( Deluxe ),Rock,$ 1.29,2015 Mad Decent,3:36,"May 27 , 2003"
624,Fly From The Inside,Shinedown,Leave A Whisper,Rock,$ 1.29,2015 Mad Decent,3:55,"May 27 , 2003"
625,Stranger Inside,Shinedown,Leave A Whisper,Rock,$ 1.29,2015 Mad Decent,4:01,"May 27 , 2003"
626,45,Shinedown,Leave A Whisper,Rock,$ 1.29,2015 Mad Decent,4:09,"May 27 , 2003"
627,Lights ( Single Version ),Ellie Goulding,Lights ( Amazon Exclusive Version ) [ + Digital Booklet ],Pop,$ 1.29,( C ) 2011 Polydor Ltd. ( UK ),3:32,"March 8 , 2011"
628,Lights ( Shook Remix ),Ellie Goulding,Lights ( The Remixes Part 1 ),Pop,$ 1.29,( C ) 2011 Polydor Ltd. ( UK ),3:49,"May 23 , 2011"
629,This Love ( Will Be Your Downfall ),Ellie Goulding,Lights,Pop,$ 1.29,( C ) 2011 Polydor Ltd. ( UK ),3:53,"March 8 , 2011"
630,No Money no Love ( feat . Elliphant & Ms. Dynamite ),David Guetta,Listen ( Deluxe ),Dance & Electronic,$ 1.29,2015 If Moving Your Mine,3:57,"November 24 , 2014"
631,Lovers on the Sun ( feat . Sam Martin ),David Guetta,Listen ( Deluxe ),Dance & Electronic,$ 1.29,2015 If Moving Your Mine,3:23,"November 24 , 2014"
632,"Lift me up ( feat . Nico & Vinz , Ladysmith Black Mambazo )",David Guetta,Listen ( Deluxe ),Dance & Electronic,$ 1.29,2015 If Moving Your Mine,3:58,"November 24 , 2014"
633,Bang my Head ( feat . Sia ),David Guetta,Listen ( Deluxe ),Dance & Electronic,$ 1.29,2015 If Moving Your Mine,3:53,"November 24 , 2014"
634,"Hey Mama ( feat . Nicki Minaj , Bebe Rexha & Afrojack )",David Guetta,Listen ( Deluxe ),Dance & Electronic,$ 1.29,2015 If Moving Your Mine,3:12,"November 24 , 2014"
635,S.T.O.P ( feat . Ryan Tedder ),David Guetta,Listen ( Deluxe ),Dance & Electronic,$ 1.29,2015 If Moving Your Mine,3:34,"November 24 , 2014"
636,I 'll Keep Loving you ( feat . Birdy & Jaymes Young ),David Guetta,Listen ( Deluxe ),Dance & Electronic,$ 1.29,2015 If Moving Your Mine,3:08,"November 24 , 2014"
637,The Whisperer ( feat . Sia ),David Guetta,Listen ( Deluxe ),Dance & Electronic,$ 1.29,2015 If Moving Your Mine,3:54,"November 24 , 2014"
638,Rise ( feat . Skylar Grey ),David Guetta,Listen ( Deluxe ),Dance & Electronic,$ 1.29,2015 If Moving Your Mine,3:55,"November 24 , 2014"
639,Dangerous ( feat . Sam Martin ) [ Robin Schulz Remix ] [ Radio Edit ],David Guetta,Listen ( Deluxe ),Dance & Electronic,$ 1.29,2015 If Moving Your Mine,3:20,"November 24 , 2014"
640,Goodbye Friend ( feat . The Script ),David Guetta,Listen ( Deluxe ),Dance & Electronic,$ 1.29,2015 If Moving Your Mine,3:49,"November 24 , 2014"
641,"Lift me up ( feat . Nico & Vinz , Ladysmith Black Mambazo )",David Guetta,Listen ( Deluxe ),Dance & Electronic,$ 1.29,2015 If Moving Your Mine,3:58,"November 24 , 2014"
642,Listen ( feat . John Legend ),David Guetta,Listen ( Deluxe ),Dance & Electronic,$ 1.29,2015 If Moving Your Mine,3:46,"November 24 , 2014"
643,Sun Goes Down ( Feat . Magic ! & Sonny Wilson ),David Guetta,Listen ( Deluxe ),Dance & Electronic,$ 1.29,2015 If Moving Your Mine,3:31,"November 24 , 2014"
644,S.T.O.P ( feat . Ryan Tedder ),David Guetta,Listen ( Deluxe ),Dance & Electronic,$ 1.29,2015 If Moving Your Mine,3:34,"November 24 , 2014"
645,The Whisperer ( feat . Sia ),David Guetta,Listen ( Deluxe ),Dance & Electronic,$ 1.29,2015 If Moving Your Mine,3:54,"November 24 , 2014"
646,Shot me Down ( feat . Skylar Grey ) [ Radio Edit ],David Guetta,Listen ( Deluxe ),Dance & Electronic,$ 1.29,2015 If Moving Your Mine,3:11,"November 24 , 2014"
647,Dangerous ( feat . Sam Martin ) [ Robin Schulz Remix ] [ Radio Edit ],David Guetta,Listen ( Deluxe ),Dance & Electronic,$ 1.29,2015 If Moving Your Mine,3:20,"November 24 , 2014"
648,Dangerous ( feat . Sam Martin ),David Guetta,Listen ( Deluxe ),Dance & Electronic,$ 1.29,2015 If Moving Your Mine,3:23,"November 24 , 2014"
649,What I did for Love ( feat . Emeli SandÌ © ),David Guetta,Listen ( Deluxe ),Dance & Electronic,$ 1.29,2015 If Moving Your Mine,3:27,"November 24 , 2014"
650,No Money no Love ( feat . Elliphant & Ms. Dynamite ),David Guetta,Listen ( Deluxe ),Dance & Electronic,$ 1.29,2015 If Moving Your Mine,3:57,"November 24 , 2014"
651,"Hey Mama ( feat . Nicki Minaj , Bebe Rexha & Afrojack )",David Guetta,Listen ( Deluxe ),Dance & Electronic,$ 1.29,2015 If Moving Your Mine,3:12,"November 24 , 2014"
652,S.T.O.P ( feat . Ryan Tedder ),David Guetta,Listen ( Deluxe ),Dance & Electronic,$ 1.29,2015 If Moving Your Mine,3:34,"November 24 , 2014"
653,I 'll Keep Loving you ( feat . Birdy & Jaymes Young ),David Guetta,Listen ( Deluxe ),Dance & Electronic,$ 1.29,2015 If Moving Your Mine,3:08,"November 24 , 2014"
654,Listen ( feat . John Legend ),David Guetta,Listen,Dance & Electronic,$ 1.29,2015 If Moving Your Mine,3:46,"November 24 , 2014"
655,Bang my Head ( feat . Sia ),David Guetta,Listen,Dance & Electronic,$ 1.29,2015 If Moving Your Mine,3:53,"November 24 , 2014"
656,Goodbye Friend ( feat . The Script ),David Guetta,Listen,Dance & Electronic,$ 1.29,2015 If Moving Your Mine,3:49,"November 24 , 2014"
657,Listen ( feat . John Legend ),David Guetta,Listen,Dance & Electronic,$ 1.29,2015 If Moving Your Mine,3:46,"November 24 , 2014"
658,S.T.O.P ( feat . Ryan Tedder ),David Guetta,Listen,Dance & Electronic,$ 1.29,2015 If Moving Your Mine,3:34,"November 24 , 2014"
659,I 'll Keep Loving you ( feat . Birdy & Jaymes Young ),David Guetta,Listen,Dance & Electronic,$ 1.29,2015 If Moving Your Mine,3:08,"November 24 , 2014"
660,Firecracker ( Live in Amsterdam ),Ryan Adams,Live After Deaf ( Amsterdam ),"Folk , Rock",$ 0.99,2012 PAXAM RECORDS,3:17,"July 2 , 2012"
661,Dirty Rain ( Live in Cork ),Ryan Adams,Live After Deaf ( Collection ),"Folk , Rock",$ 0.99,2012 PAXAM RECORDS,4:24,"July 2 , 2012"
662,Dear Chicago ( Live in Stockholm ),Ryan Adams,Live After Deaf ( Collection ),"Folk , Rock",$ 0.99,2012 PAXAM RECORDS,2:29,"July 2 , 2012"
663,Do n't Fail Me Now ( Live in Malmo Bonus Track ),Ryan Adams,Live After Deaf ( Collection ),"Folk , Rock",$ 0.99,2012 PAXAM RECORDS,5:43,"July 2 , 2012"
664,Do I Wait ( Live in Lisbon Bonus Track ),Ryan Adams,Live After Deaf ( Collection ),"Folk , Rock",$ 0.99,2012 PAXAM RECORDS,5:08,"July 2 , 2012"
665,The Rescue Blues ( Live in London 1 ),Ryan Adams,Live After Deaf ( Collection ),"Folk , Rock",$ 0.99,2012 PAXAM RECORDS,3:25,"July 2 , 2012"
666,16 Days ( Live in London 2 Bonus Track ),Ryan Adams,Live After Deaf ( Collection ),"Folk , Rock",$ 0.99,2012 PAXAM RECORDS,4:56,"July 2 , 2012"
667,16 Days ( Live in Glasgow ),Ryan Adams,Live After Deaf ( Collection ),"Folk , Rock",$ 0.99,2012 PAXAM RECORDS,4:31,"July 2 , 2012"
668,Carolina Rain ( Live in Cork ),Ryan Adams,Live After Deaf ( Cork ),"Folk , Rock",$ 0.99,2012 PAXAM RECORDS,5:41,"August 9 , 2012"
669,English Girls Approximately ( Live in London 2 ),Ryan Adams,Live After Deaf ( London 2 ),"Folk , Rock",$ 0.99,2012 PAXAM RECORDS,5:08,"July 2 , 2012"
670,September ( Live in Stockholm ),Ryan Adams,Live After Deaf ( Stockholm ),"Folk , Rock",$ 0.99,2012 PAXAM RECORDS,2:43,"July 2 , 2012"
671,My Wrecking Ball ( Live At Carnegie Hall / 11/17/2014 ),Ryan Adams,Live At Carnegie Hall [ Explicit ],Rock,$ 1.29,( C ) 2015 PaxAmericana Recording Company Under Exclusive Licenese To Blue Note Records,5:22,"April 21 , 2015"
672,Lucky Now ( Live At Carnegie Hall / 11/17/2014 ) [ Explicit ],Ryan Adams,Live At Carnegie Hall [ Explicit ],Rock,$ 1.29,( C ) 2015 PaxAmericana Recording Company Under Exclusive Licenese To Blue Note Records,6:01,"April 21 , 2015"
673,Firecracker ( Live At Carnegie Hall / 11/17/2014 ) [ Explicit ],Ryan Adams,Live At Carnegie Hall [ Explicit ],Rock,$ 1.29,( C ) 2015 PaxAmericana Recording Company Under Exclusive Licenese To Blue Note Records,4:02,"April 21 , 2015"
674,Te Busque ( Full Spanish Version ) [ feat . Juanes ],Nelly Furtado,Loose ( US version ),Pop,$ 1.29,( C ) 2006 Geffen Records,3:38,"June 20 , 2006"
675,Firefly ( Bravado Dubstep Remix ),Ed Sheeran,Loose Change,Pop,$ 1.29,( C ) 2007 Geffen Records/Mosley Music Group LLC,4:29,"December 9 , 2011"
676,Love Me Like You Do ( Sax Instrumental Version ),Justin Ward,Love Me Like You Do - Made Popular By Ellie Goulding,Pop,$ 0.89,( c ) 2015 Covered Records,3:16,
677,We Run,Sugarland,Love On The Inside,Country,$ 1.29,"( C ) 2008 Mercury Records , a Division of UMG Recordings , Inc.",3:56,"July 29 , 2008"
678,See You Again,Elle King,Love Stuff,Alternative Rock,$ 1.29,( C ) 1996 The Island Def Jam Music Group,3:26,"February 13 , 2015"
679,That Lucky Old Sun ( Just Rolls Around Heaven All Day ( with Willie Nelson ) ),Kenny Chesney,Lucky Old Sun [ + video ],Country,$ 0.99,"( P ) 2008 Blue Chair Records , LLC and BMG Music",4:16,"April 24 , 2012"
680,That Lucky Old Sun ( Just Rolls Around Heaven All Day ( with Willie Nelson ) ),Kenny Chesney,Lucky Old Sun,"Country , Contemporary Country",$ 0.99,"( P ) 2008 Blue Chair Records , LLC",4:16,"October 21 , 2008"
681,Elevator ( feat . Timbaland ),Flo Rida,Mail On Sunday [ Clean ],"Rap & Hip-Hop , Southern Rap , Pop Rap",$ 1.29,2013 Warner Bros. . Records Inc.,3:50,"March 18 , 2008"
682,Roll ( feat . Sean Kingston ) [ Clean ],Flo Rida,Mail On Sunday [ Clean ],"Rap & Hip-Hop , Southern Rap , Pop Rap",$ 1.29,2013 Warner Bros. . Records Inc.,3:59,"March 18 , 2008"
683,In The Ayer ( feat . will.I.am ),Flo Rida,Mail On Sunday [ Clean ],"Rap & Hip-Hop , Southern Rap , Pop Rap",$ 1.29,2013 Warner Bros. . Records Inc.,3:40,"March 18 , 2008"
684,American Superstar ( feat . Lil Wayne ) [ Explicit ],Flo Rida,Mail On Sunday [ Explicit ],Rap & Hip-Hop,$ 1.29,2013 Warner Bros. . Records Inc.,3:42,"March 17 , 2008"
685,Money Right ( feat . Rick Ross & Brisco ) [ Explicit ],Flo Rida,Mail On Sunday [ Explicit ],Rap & Hip-Hop,$ 1.29,2013 Warner Bros. . Records Inc.,3:17,"March 17 , 2008"
686,Make It Bun Dem ( David Heartbreak Remix ),Skrillex & Damian Jr Gong '' Marley '',Make It Bun Dem After Hours EP,Dance & Electronic,$ 1.29,2015 RGK,3:29,"August 28 , 2012"
687,Make It Bun Dem ( Flinch Remix ),Skrillex & Damian Jr Gong '' Marley '',Make It Bun Dem After Hours EP,Dance & Electronic,$ 1.29,2015 RGK,3:55,"August 28 , 2012"
688,Path of Destruction,James Newton Howard,Maleficent ( Original Motion Picture Soundtrack ),Soundtracks,$ 1.29,"( C ) 2014 Disney Enterprises , Inc.",1:48,"May 27 , 2014"
689,Little Black Dress,One Direction,Midnight Memories ( Deluxe ),Pop,$ 1.29,"( C ) 2014 Disney Enterprises , Inc.",2:37,"November 25 , 2013"
690,Better Than Words,One Direction,Midnight Memories ( Deluxe ),Pop,$ 1.29,"( C ) 2014 Disney Enterprises , Inc.",3:28,"November 25 , 2013"
691,Something Great,One Direction,Midnight Memories ( Deluxe ),Pop,$ 1.29,"( C ) 2014 Disney Enterprises , Inc.",3:56,"November 25 , 2013"
692,Happily,One Direction,Midnight Memories,Pop,$ 1.29,"( C ) 2014 Disney Enterprises , Inc.",2:55,"November 25 , 2013"
693,Whoremonger ( Album Version ( Explicit ) ) [ Explicit ],David Banner,Mississippi-The Album ( Explicit Version ),Pop,$ 0.99,"( C ) 2003 Universal Records , a Division of UMG Recordings , Inc.",1:02,"May 20 , 2003"
694,Fast Life ( Album Version ( Explicit ) ) [ feat . AX ] [ Explicit ],David Banner,Mississippi-The Album ( Explicit Version ),Pop,$ 0.99,"( C ) 2003 Universal Records , a Division of UMG Recordings , Inc.",4:52,"May 20 , 2003"
695,Choose Me ( Album Version ( Edited ) ) [ feat . Sky ] [ Clean ],David Banner,Mississippi-The Album ( Explicit Version ),Pop,$ 0.99,"( C ) 2003 Universal Records , a Division of UMG Recordings , Inc.",4:24,"May 20 , 2003"
696,So Trill ( Album Version ( Explicit ) ) [ Explicit ],David Banner,Mississippi-The Album ( Explicit Version ),Pop,$ 0.99,"( C ) 2003 Universal Records , a Division of UMG Recordings , Inc.",3:15,"May 20 , 2003"
697,My Shawty ( Album Version ( Explicit ) ) [ feat . Fiend ] [ Explicit ],David Banner,Mississippi-The Album ( Explicit Version ),Pop,$ 0.99,"( C ) 2003 Universal Records , a Division of UMG Recordings , Inc.",3:54,"May 20 , 2003"
698,Phone Tap ( Album Version ( Explicit ) ) [ Explicit ],David Banner,Mississippi-The Album ( Explicit Version ),Pop,$ 0.69,"( C ) 2003 Universal Records , a Division of UMG Recordings , Inc.",1:52,"May 20 , 2003"
699,Still Pimpin ' ( Album Version ( Explicit ) ) [ feat . Kamikazi ] [ Explicit ],David Banner,Mississippi-The Album ( Explicit Version ),Pop,$ 0.99,"( C ) 2003 Universal Records , a Division of UMG Recordings , Inc.",7:11,"May 20 , 2003"
700,Speakers,Sam Hunt,Montevallo,Country,$ 1.29,"( C ) 2014 MCA Nashville , a Division of UMG Recordings , Inc.",3:48,"October 27 , 2014"
701,Scary Monsters And Nice Sprites ( Phonat Remix ),Skrillex,More Monsters And Sprites EP,"Dance & Electronic , Dubstep",$ 1.29,2011 Rory Bourke Music Co. ( BMI ),3:39,"June 7 , 2011"
702,Scary Monsters And Nice Sprites ( Dirtyphonics Remix ),Skrillex,More Monsters And Sprites EP,"Dance & Electronic , Dubstep",$ 1.29,2011 Rory Bourke Music Co. ( BMI ),4:51,"June 7 , 2011"
703,Scary Monsters And Nice Sprites ( The Juggernaut Remix ),Skrillex,More Monsters And Sprites EP,"Dance & Electronic , Dubstep",$ 1.29,2011 Rory Bourke Music Co. ( BMI ),3:53,"June 7 , 2011"
704,Scary Monsters And Nice Sprites ( Phonat Remix ),Skrillex,More Monsters And Sprites EP,"Dance & Electronic , Dubstep",$ 1.29,2011 Rory Bourke Music Co. ( BMI ),3:39,"June 7 , 2011"
705,My Songs Know What You Did In The Dark ( Light Em Up ) ( 2 Chainz Remix ),Fall Out Boy,My Songs Know What You Did In The Dark ( Light Em Up ) ( 2 Chainz Remix ),Alternative Rock,$ 1.29,( C ) 2013 The Island Def Jam Music Group,3:30,"August 13 , 2013"
706,Baby ( Acoustic Version ),Justin Bieber,My Worlds Acoustic [ + Video ] [ + Digital Booklet ],Pop,$ 1.29,( C ) 2011 The Island Def Jam Music Group,3:35,"February 8 , 2011"
707,Never Say Never [ feat . Jaden Smith ],Justin Bieber,Never Say Never - The Remixes,Pop,$ 1.29,( C ) 2011 The Island Def Jam Music Group,3:48,"February 14 , 2011"
708,Rather Be ( feat . Jess Glynne ),Clean Bandit,New Eyes,"Electronica , Dance & Electronic",$ 1.29,( C ) 2005 Rebel Records Llc,3:47,"June 2 , 2014"
709,Closer [ feat . Mike Posner ] [ Clean ],Nick Jonas,Nick Jonas ( Deluxe ) [ Clean ],Pop,$ 1.29,"( C ) 2014 Island Records/Safehouse Records LLC , a division of UMG Recordings , Inc.",3:48,"November 10 , 2014"
710,Numb [ feat . Angel Haze ] [ Clean ],Nick Jonas,Nick Jonas ( Deluxe ) [ Clean ],Pop,$ 1.29,"( C ) 2014 Island Records/Safehouse Records LLC , a division of UMG Recordings , Inc.",3:57,"November 10 , 2014"
711,Closer [ feat . Mike Posner ] [ Clean ],Nick Jonas,Nick Jonas ( Deluxe ) [ Clean ],Pop,$ 1.29,"( C ) 2014 Island Records/Safehouse Records LLC , a division of UMG Recordings , Inc.",3:48,"November 10 , 2014"
712,Nothing Would Be Better,Nick Jonas,Nick Jonas ( Deluxe ) [ Explicit ],Pop,$ 1.29,"( C ) 2014 Island Records/Safehouse Records LLC , a division of UMG Recordings , Inc.",4:34,"November 10 , 2014"
713,Nothing Would Be Better,Nick Jonas,Nick Jonas ( Deluxe ) [ Explicit ],Pop,$ 1.29,"( C ) 2014 Island Records/Safehouse Records LLC , a division of UMG Recordings , Inc.",4:34,"November 10 , 2014"
714,Piensas en MÌ _ ( Remix ),Nicky Jam,Nicky Jam Hits,"International , Latin Music",$ 0.99,( C ) 2014 Codiscos S.A.S.,4:46,"September 9 , 2014"
715,I Ca n't Go There ( Acoustic Version ),Kenny Chesney,"No Shoes , No Shirt , No Problems",Country,$ 0.99,Underground Avenue,3:45,"April 2 , 2002"
716,Glasgow,David Guetta,Nothing But The Beat - The Electronic Album,Dance & Electronic,$ 0.99,2009 Andy Henningsen,5:13,"August 26 , 2011"
717,Repeat ( Feat . Jessie J ),David Guetta,Nothing But The Beat [ Clean ],Dance & Electronic,$ 1.29,2009 Andy Henningsen,3:26,"August 26 , 2011"
718,Little Bad Girl ( Feat . Taio Cruz & Ludacris ) [ Explicit ],David Guetta,Nothing But The Beat,Dance & Electronic,$ 1.29,2009 Andy Henningsen,3:12,"August 26 , 2011"
719,Without You ( Feat . Usher ),David Guetta,Nothing But The Beat,Dance & Electronic,$ 1.29,2009 Andy Henningsen,3:28,"August 26 , 2011"
720,I Can Only Imagine ( Feat . Chris Brown & Lil Wayne ),David Guetta,Nothing But The Beat,Dance & Electronic,$ 1.29,2009 Andy Henningsen,3:29,"August 26 , 2011"
721,I Can Only Imagine ( Feat . Chris Brown & Lil Wayne ),David Guetta,Nothing But The Beat,Dance & Electronic,$ 1.29,2009 Andy Henningsen,3:29,"August 26 , 2011"
722,Night Of Your Life ( Feat . Jennifer Hudson ),David Guetta,Nothing But The Beat,Dance & Electronic,$ 1.29,2009 Andy Henningsen,3:42,"August 26 , 2011"
723,I Can Only Imagine ( feat . Chris Brown & Lil Wayne ),David Guetta,Nothing But the Beat 2.0 [ Explicit ],Dance & Electronic,$ 0.99,2015 Real Sounds,3:29,"August 26 , 2011"
724,Little Bad Girl ( feat . Taio Cruz & Ludacris ) [ Explicit ],David Guetta,Nothing But the Beat 2.0 [ Explicit ],Dance & Electronic,$ 0.99,2015 Real Sounds,3:12,"August 26 , 2011"
725,Without You ( feat . Usher ),David Guetta,Nothing But the Beat 2.0 [ Explicit ],Dance & Electronic,$ 0.99,2015 Real Sounds,3:28,"August 26 , 2011"
726,In My Head ( feat . Nervo ),David Guetta,Nothing But the Beat 2.0 [ Explicit ],Dance & Electronic,$ 0.99,2015 Real Sounds,3:51,"August 26 , 2011"
727,Nothing Really Matters ( feat . will.i.am ) [ Explicit ],David Guetta,Nothing But the Beat 2.0 [ Explicit ],Dance & Electronic,$ 0.99,2015 Real Sounds,3:39,"August 26 , 2011"
728,Too Much [ feat . Sampha ] [ Explicit ],Drake,Nothing Was The Same ( Deluxe ) [ Explicit ],Rap & Hip-Hop,$ 1.29,( C ) 2013 Cash Money Records Inc.,4:21,"September 24 , 2013"
729,All Me [ feat . 2 Chainz ] [ Explicit ],Drake,Nothing Was The Same ( Deluxe ) [ Explicit ],Rap & Hip-Hop,$ 1.29,( C ) 2013 Cash Money Records Inc.,4:30,"September 24 , 2013"
730,From Time [ feat . JhenÌ © Aiko ] [ Explicit ],Drake,Nothing Was The Same [ Explicit ],Rap & Hip-Hop,$ 1.29,( C ) 2013 Cash Money Records Inc.,5:22,"September 24 , 2013"
731,The Bluff ( feat . Cam ` Ron ) [ Clean ],Wiz Khalifa,O.N.I.F.C. [ Clean ],Rap & Hip-Hop,$ 1.29,2012 Atlantic Recording Corporation for the United States and WEA International Inc. for the world outside of the United States,3:48,"December 4 , 2012"
732,Bluffin ( feat . Berner ) [ Explicit ],Wiz Khalifa,O.N.I.F.C. [ Explicit ],Rap & Hip-Hop,$ 1.29,2012 Atlantic Recording Corporation for the United States and WEA International Inc. for the world outside of the United States,5:32,"December 4 , 2012"
733,Let It Go ( feat . Akon ) [ Explicit ],Wiz Khalifa,O.N.I.F.C. [ Explicit ],Rap & Hip-Hop,$ 1.29,2012 Atlantic Recording Corporation for the United States and WEA International Inc. for the world outside of the United States,4:18,"December 4 , 2012"
734,The Bluff ( feat . Cam ` Ron ) [ Explicit ],Wiz Khalifa,O.N.I.F.C. [ Explicit ],Rap & Hip-Hop,$ 1.29,2012 Atlantic Recording Corporation for the United States and WEA International Inc. for the world outside of the United States,3:48,"December 4 , 2012"
735,It 's Nothin ( feat . 2 Chainz ) [ Explicit ],Wiz Khalifa,O.N.I.F.C. [ Explicit ],Rap & Hip-Hop,$ 1.29,2012 Atlantic Recording Corporation for the United States and WEA International Inc. for the world outside of the United States,3:47,"December 4 , 2012"
736,Remember You ( feat . The Weeknd ) [ Explicit ],Wiz Khalifa,O.N.I.F.C. [ Explicit ],Rap & Hip-Hop,$ 1.29,2012 Atlantic Recording Corporation for the United States and WEA International Inc. for the world outside of the United States,4:49,"December 4 , 2012"
737,Medicated ( feat . Chevy Woods & Juicy J ) [ Explicit ],Wiz Khalifa,O.N.I.F.C. [ Explicit ],Rap & Hip-Hop,$ 1.29,2012 Atlantic Recording Corporation for the United States and WEA International Inc. for the world outside of the United States,5:31,"December 4 , 2012"
738,Bluffin ( feat . Berner ) [ Explicit ],Wiz Khalifa,O.N.I.F.C. [ Explicit ],Rap & Hip-Hop,$ 1.29,2012 Atlantic Recording Corporation for the United States and WEA International Inc. for the world outside of the United States,5:32,"December 4 , 2012"
739,Let It Go ( feat . Akon ) [ Explicit ],Wiz Khalifa,O.N.I.F.C. [ Explicit ],Rap & Hip-Hop,$ 1.29,2012 Atlantic Recording Corporation for the United States and WEA International Inc. for the world outside of the United States,4:18,"December 4 , 2012"
740,The Bluff ( feat . Cam ` Ron ) [ Explicit ],Wiz Khalifa,O.N.I.F.C. [ Explicit ],Rap & Hip-Hop,$ 1.29,2012 Atlantic Recording Corporation for the United States and WEA International Inc. for the world outside of the United States,3:48,"December 4 , 2012"
741,"Rise Above ( feat . Pharrell , Tuki Carter & Amber Rose ) [ Explicit ]",Wiz Khalifa,O.N.I.F.C. [ Explicit ],Rap & Hip-Hop,$ 1.29,2012 Atlantic Recording Corporation for the United States and WEA International Inc. for the world outside of the United States,4:31,"December 4 , 2012"
742,Initiation ( feat . Lola Monroe ) [ Explicit ],Wiz Khalifa,O.N.I.F.C. [ Explicit ],Rap & Hip-Hop,$ 1.29,2012 Atlantic Recording Corporation for the United States and WEA International Inc. for the world outside of the United States,4:29,"December 4 , 2012"
743,The Plan ( feat . Juicy J ) [ Explicit ],Wiz Khalifa,O.N.I.F.C. [ Explicit ],Rap & Hip-Hop,$ 1.29,2012 Atlantic Recording Corporation for the United States and WEA International Inc. for the world outside of the United States,4:54,"December 4 , 2012"
744,Bluffin ( feat . Berner ) [ Explicit ],Wiz Khalifa,O.N.I.F.C. [ Explicit ],Rap & Hip-Hop,$ 1.29,2012 Atlantic Recording Corporation for the United States and WEA International Inc. for the world outside of the United States,5:32,"December 4 , 2012"
745,Let It Go ( feat . Akon ) [ Explicit ],Wiz Khalifa,O.N.I.F.C. [ Explicit ],Rap & Hip-Hop,$ 1.29,2012 Atlantic Recording Corporation for the United States and WEA International Inc. for the world outside of the United States,4:18,"December 4 , 2012"
746,The Bluff ( feat . Cam ` Ron ) [ Explicit ],Wiz Khalifa,O.N.I.F.C. [ Explicit ],Rap & Hip-Hop,$ 1.29,2012 Atlantic Recording Corporation for the United States and WEA International Inc. for the world outside of the United States,3:48,"December 4 , 2012"
747,It 's Nothin ( feat . 2 Chainz ) [ Explicit ],Wiz Khalifa,O.N.I.F.C. [ Explicit ],Rap & Hip-Hop,$ 1.29,2012 Atlantic Recording Corporation for the United States and WEA International Inc. for the world outside of the United States,3:47,"December 4 , 2012"
748,"Rise Above ( feat . Pharrell , Tuki Carter & Amber Rose ) [ Explicit ]",Wiz Khalifa,O.N.I.F.C. [ Explicit ],Rap & Hip-Hop,$ 1.29,2012 Atlantic Recording Corporation for the United States and WEA International Inc. for the world outside of the United States,4:31,"December 4 , 2012"
749,Initiation ( feat . Lola Monroe ) [ Explicit ],Wiz Khalifa,O.N.I.F.C. [ Explicit ],Rap & Hip-Hop,$ 1.29,2012 Atlantic Recording Corporation for the United States and WEA International Inc. for the world outside of the United States,4:29,"December 4 , 2012"
750,On The Dancefloor ( Feat . Will.I.Am & Apl De Ap ),David Guetta,One Love ( Deluxe Version ),Dance & Electronic,$ 1.29,( C ) 2014 Swedish House Mafia Holdings Ltd ( BVI ) under exclusive license to Virgin Records Ltd,3:46,"August 21 , 2009"
751,Revolver ( Madonna Vs. David Guetta Feat . Lil ' Wayne ) ( One Love Remix ),David Guetta,One Love ( Deluxe Version ),Dance & Electronic,$ 1.29,( C ) 2014 Swedish House Mafia Holdings Ltd ( BVI ) under exclusive license to Virgin Records Ltd,3:18,"August 21 , 2009"
752,One Love ( Feat . Estelle ),David Guetta,One Love ( Deluxe Version ),Dance & Electronic,$ 1.29,( C ) 2014 Swedish House Mafia Holdings Ltd ( BVI ) under exclusive license to Virgin Records Ltd,4:01,"August 21 , 2009"
753,I Got ta Feeling ( Fmif Remix ) [ Edit ],David Guetta,One Love ( Deluxe Version ),Dance & Electronic,$ 1.29,( C ) 2014 Swedish House Mafia Holdings Ltd ( BVI ) under exclusive license to Virgin Records Ltd,3:54,"August 21 , 2009"
754,When Love Takes Over ( Feat . Kelly Rowland ; Electro Extended ; Continuous Mix Version ),David Guetta,One Love ( Deluxe Version ),Dance & Electronic,$ 1.29,( C ) 2014 Swedish House Mafia Holdings Ltd ( BVI ) under exclusive license to Virgin Records Ltd,4:23,"August 21 , 2009"
755,Choose ( Feat . Ne-Yo & Kelly Rowland ; Continuous Mix Version ),David Guetta,One Love ( Deluxe Version ),Dance & Electronic,$ 1.29,( C ) 2014 Swedish House Mafia Holdings Ltd ( BVI ) under exclusive license to Virgin Records Ltd,3:16,"August 21 , 2009"
756,On The Dancefloor ( Feat . Will I Am & Apl De Ap ; Continuous Mix Version ),David Guetta,One Love ( Deluxe Version ),Dance & Electronic,$ 1.29,( C ) 2014 Swedish House Mafia Holdings Ltd ( BVI ) under exclusive license to Virgin Records Ltd,4:16,"August 21 , 2009"
757,Gettin ' Over ( Feat . Chris Willis ; Continuous Mix Version ),David Guetta,One Love ( Deluxe Version ),Dance & Electronic,$ 1.29,( C ) 2014 Swedish House Mafia Holdings Ltd ( BVI ) under exclusive license to Virgin Records Ltd,3:31,"August 21 , 2009"
758,It 's The Way You Love Me ( Feat . Kelly Rowland ; Continuous Mix Version ),David Guetta,One Love ( Deluxe Version ),Dance & Electronic,$ 1.29,( C ) 2014 Swedish House Mafia Holdings Ltd ( BVI ) under exclusive license to Virgin Records Ltd,4:11,"August 21 , 2009"
759,Sexy Bitch ( Feat . Akon ; Explicit ),David Guetta,One Love ( Deluxe Version ),Dance & Electronic,$ 1.29,( C ) 2014 Swedish House Mafia Holdings Ltd ( BVI ) under exclusive license to Virgin Records Ltd,3:15,"August 21 , 2009"
760,Gettin ' Over You ( Feat . Fergie & Lmfao ),David Guetta,One Love ( Deluxe Version ),Dance & Electronic,$ 1.29,( C ) 2014 Swedish House Mafia Holdings Ltd ( BVI ) under exclusive license to Virgin Records Ltd,3:07,"August 21 , 2009"
761,Memories ( Feat . Kid Cudi ),David Guetta,One Love ( Deluxe Version ),Dance & Electronic,$ 1.29,( C ) 2014 Swedish House Mafia Holdings Ltd ( BVI ) under exclusive license to Virgin Records Ltd,3:30,"August 21 , 2009"
762,When Love Takes Over ( feat . Kelly Rowland ),David Guetta,One Love ( Deluxe Version ),Dance & Electronic,$ 1.29,( C ) 2014 Swedish House Mafia Holdings Ltd ( BVI ) under exclusive license to Virgin Records Ltd,3:11,"August 21 , 2009"
763,Revolver ( Madonna Vs. David Guetta Feat . Lil ' Wayne ) ( One Love Remix ),David Guetta,One Love ( Deluxe Version ),Dance & Electronic,$ 1.29,( C ) 2014 Swedish House Mafia Holdings Ltd ( BVI ) under exclusive license to Virgin Records Ltd,3:18,"August 21 , 2009"
764,One Love ( Feat . Estelle ),David Guetta,One Love ( Deluxe Version ),Dance & Electronic,$ 1.29,( C ) 2014 Swedish House Mafia Holdings Ltd ( BVI ) under exclusive license to Virgin Records Ltd,4:01,"August 21 , 2009"
765,Sound Of Letting Go ( Feat . Chris Willis ),David Guetta,One Love ( Deluxe Version ),Dance & Electronic,$ 1.29,( C ) 2014 Swedish House Mafia Holdings Ltd ( BVI ) under exclusive license to Virgin Records Ltd,3:47,"August 21 , 2009"
766,When Love Takes Over ( Feat . Kelly Rowland ; Electro Extended ; Continuous Mix Version ),David Guetta,One Love ( Deluxe Version ),Dance & Electronic,$ 1.29,( C ) 2014 Swedish House Mafia Holdings Ltd ( BVI ) under exclusive license to Virgin Records Ltd,4:23,"August 21 , 2009"
767,I Wan na Go Crazy ( Feat . Will.I.Am ; Extended ; Continuous Mix Version ),David Guetta,One Love ( Deluxe Version ),Dance & Electronic,$ 1.29,( C ) 2014 Swedish House Mafia Holdings Ltd ( BVI ) under exclusive license to Virgin Records Ltd,4:54,"August 21 , 2009"
768,Choose ( Feat . Ne-Yo & Kelly Rowland ; Continuous Mix Version ),David Guetta,One Love ( Deluxe Version ),Dance & Electronic,$ 1.29,( C ) 2014 Swedish House Mafia Holdings Ltd ( BVI ) under exclusive license to Virgin Records Ltd,3:16,"August 21 , 2009"
769,Missing You ( Feat . Novel ; Continuous Mix Version ),David Guetta,One Love ( Deluxe Version ),Dance & Electronic,$ 1.29,( C ) 2014 Swedish House Mafia Holdings Ltd ( BVI ) under exclusive license to Virgin Records Ltd,4:59,"August 21 , 2009"
770,Gettin ' Over ( Feat . Chris Willis ; Continuous Mix Version ),David Guetta,One Love ( Deluxe Version ),Dance & Electronic,$ 1.29,( C ) 2014 Swedish House Mafia Holdings Ltd ( BVI ) under exclusive license to Virgin Records Ltd,3:31,"August 21 , 2009"
771,It 's The Way You Love Me ( Feat . Kelly Rowland ; Continuous Mix Version ),David Guetta,One Love ( Deluxe Version ),Dance & Electronic,$ 1.29,( C ) 2014 Swedish House Mafia Holdings Ltd ( BVI ) under exclusive license to Virgin Records Ltd,4:11,"August 21 , 2009"
772,One Love ( Feat . Estelle ; Continuous Mix Version ),David Guetta,One Love ( Deluxe Version ),Dance & Electronic,$ 1.29,( C ) 2014 Swedish House Mafia Holdings Ltd ( BVI ) under exclusive license to Virgin Records Ltd,4:42,"August 21 , 2009"
773,When Love Takes Over ( Feat . Kelly Rowland ) [ Explicit ],David Guetta,One More Love [ Explicit ],Dance & Electronic,$ 1.29,"( C ) 2014 Lazy Hooks , LLC Under Exclusive License To Capitol Records , LLC",3:11,"November 24 , 2010"
774,On and On ( Feat . Kevin Rudolf ),Flo Rida,Only One Flo ( Part 1 ) [ Deluxe ] [ + Video ] [ + Digital Booklet ],Rap & Hip-Hop,$ 1.29,2010 Atlantic Recording Corporation for the United States and WEA International Inc. for the world outside of the United States,2:58,"November 26 , 2010"
775,"Turn Around ( 5,4,3,2,1 )",Flo Rida,Only One Flo ( Part 1 ) [ Deluxe ] [ + Video ] [ + Digital Booklet ],Rap & Hip-Hop,$ 1.29,2010 Atlantic Recording Corporation for the United States and WEA International Inc. for the world outside of the United States,3:20,"November 26 , 2010"
776,Silver And Gold,Little Big Town,Pain Killer,Country,$ 1.29,( C ) 2014 Little Big Town LLC Under exclusive license to Capitol Records Nashville,3:31,"October 21 , 2014"
777,Party Rock Anthem ( Made Famous By Lmfao Feat Lauren Bennett & Goon Rock ) ( Karaoke Version ),Lmfao Feat Lauren Bennett & Goon Rock Karaoke Band,Party rock anthem ( Karaoke ),International,$ 0.89,( c ) 2011 BGM Industrias del Disco S.A. ( Magenta Discos ),4:24,"July 14 , 2011"
778,Be Together ( feat . Wild Belle ),Major Lazer,Peace Is The Mission [ Explicit ],Dance & Electronic,$ 1.29,2015 Mad Decent,3:53,"June 1 , 2015"
779,Play Hard ( feat . Ne-Yo & Akon ) [ Albert Neve Remix ],David Guetta,Play Hard ( feat . Ne-Yo & Akon ) [ Remixes ],Dance & Electronic,$ 1.29,"2013 What A Music Ltd , Licence exclusive Parlophone Music France",6:52,"March 22 , 2013"
780,Play Hard ( feat . Ne-Yo & Akon ) [ Maurizio Gubellini & Delayers In Da House Remix ],David Guetta,Play Hard ( feat . Ne-Yo & Akon ) [ Remixes ],Dance & Electronic,$ 1.29,"2013 What A Music Ltd , Licence exclusive Parlophone Music France",5:00,"March 22 , 2013"
781,This Time,Carrie Underwood,Play On,Country,$ 1.29,"( P ) 2009 19 Recordings Limited , under exclusive license to Arista Nashville",3:52,"November 3 , 2009"
782,Nothin ' On You [ Feat . Bruno Mars ],David Guetta,Pop Love,"Dance & Electronic , House",$ 1.29,2012 Blue Drum Records,3:25,
783,We Found Love,David Guetta,Pop for Your Weekend [ Explicit ],"Dance & Electronic , House",$ 1.29,2012 Blue Drum Records,3:35,
784,Drunk in Love [ Explicit ],David Guetta,Pop for Your Weekend [ Explicit ],"Dance & Electronic , House",$ 1.29,2012 Blue Drum Records,5:23,
785,Powerful ( Michael Calfan Remix ) [ feat . Ellie Goulding ],Major Lazer,Powerful ( Remixes ),"Electronica , Dance & Electronic",$ 1.29,"( C ) 2015 Third Pardee Records , LLC under exclusive license to Interscope Records in the United States",5:27,"September 11 , 2015"
786,Pray to God ( R3hab Remix ),Calvin Harris feat . HAIM,Pray to God ( Remixes ),Dance & Electronic,$ 1.29,"( C ) 2015 Third Pardee Records , LLC under exclusive license to Interscope Records in the United States",4:31,"September 25 , 2015"
787,Been About Money ( Album Version ( Edited ) ),Birdman,Pricele $ $ ( Edited Version ),Rap & Hip-Hop,$ 0.99,( C ) 2009 Cash Money Records Inc.,4:12,"November 23 , 2009"
788,Que Que feat . Maluca ( Toy Selectah Remix ),Dillon Francis & Diplo,Que Que Remix EP,Dance & Electronic,$ 0.99,2011 Mad Decent,4:50,"August 23 , 2011"
789,Can You Control Yo Hoe ( Album Version ( Explicit ) ) [ feat . Soopafly ] [ Explicit ],Snoop Dogg,R&G ( Rhythm & Gangsta ) : The Masterpiece ( Explicit Version ),"Gangsta & Hardcore , Rap & Hip-Hop",$ 0.99,( C ) 2004 Geffen Records,3:08,"November 16 , 2004"
790,No Thang On Me ( Album Version ( Explicit ) ) [ feat . Bootsy Collins ] [ Explicit ],Snoop Dogg,R&G ( Rhythm & Gangsta ) : The Masterpiece ( Explicit Version ),"Gangsta & Hardcore , Rap & Hip-Hop",$ 0.99,( C ) 2004 Geffen Records,4:41,"November 16 , 2004"
791,Shone [ Feat . Pleasure P ],Flo Rida,R.O.O.T.S. ( Route Of Overcoming The Struggle ) ( Amended Amazon Exclusive ) [ Clean ],Rap & Hip-Hop,$ 1.29,"( C ) 2012 Motown Records , a Division of UMG Recordings , Inc.",4:13,"March 30 , 2009"
792,Available [ Feat . Akon ],Flo Rida,R.O.O.T.S. ( Route Of Overcoming The Struggle ) ( Amended Amazon Exclusive ) [ Clean ],Rap & Hip-Hop,$ 1.29,"( C ) 2012 Motown Records , a Division of UMG Recordings , Inc.",4:24,"March 30 , 2009"
793,"Yayo [ Feat . Brisco , Billy Blue , Ball Greezy , Rick Ross , Red Eyezz , Bred , Pitbull & Ace Hood ] ( Amended Bonus Version )",Flo Rida,R.O.O.T.S. ( Route Of Overcoming The Struggle ) ( Amended Amazon Exclusive ) [ Clean ],Rap & Hip-Hop,$ 1.29,"( C ) 2012 Motown Records , a Division of UMG Recordings , Inc.",7:53,"March 30 , 2009"
794,Ready for the Weekend ( Album Version ),Calvin Harris,Ready For The Weekend,Dance & Electronic,$ 1.29,"( C ) 1994 UMG Recordings , Inc.",3:38,"July 23 , 2013"
795,Love Needs A Holiday,Reba McEntire,Reba # 1 's,"Country , Contemporary Country",$ 0.99,"( C ) 2005 MCA Nashville , a Division of UMG Recordings , Inc.",3:13,"November 22 , 2005"
796,The Fear Of Being Alone ( Album Version ),Reba McEntire,Reba # 1 's,"Country , Contemporary Country",$ 1.29,"( C ) 2005 MCA Nashville , a Division of UMG Recordings , Inc.",3:02,"November 22 , 2005"
797,No Love [ feat . Lil Wayne ] [ Explicit ],Eminem,Recovery ( Amazon Version ) [ Explicit ] [ + video ] [ + digital booklet ],"Gangsta & Hardcore , Rap & Hip-Hop",$ 1.29,( C ) 2010 Aftermath Records,4:59,"June 21 , 2010"
798,Space Bound [ Explicit ],Eminem,Recovery ( Amazon Version ) [ Explicit ] [ + video ] [ + digital booklet ],"Gangsta & Hardcore , Rap & Hip-Hop",$ 1.29,( C ) 2010 Aftermath Records,4:39,"June 21 , 2010"
799,I Almost Do,Taylor Swift,Red,Country,$ 1.29,"( C ) 2012 Big Machine Records , LLC .",4:02,"October 30 , 2012"
800,Brave Honest Beautiful,Fifth Harmony,Reflection ( Deluxe ),Pop,$ 1.29,"( C ) 2012 Big Machine Records , LLC .",3:28,"January 30 , 2015"
801,We Know,Fifth Harmony,Reflection,Pop,$ 1.29,"( C ) 2012 Big Machine Records , LLC .",2:57,"January 30 , 2015"
802,The Sky 's The Limit ( Ayo Remix ),Jason Derulo,Reloaded,Pop,$ 1.29,"( C ) 2006 DTP Records , LLC",3:25,"December 16 , 2011"
803,Fly Solo [ Clean ],Wiz Khalifa,Rolling Papers ( Deluxe ) [ + Video ] [ + Digital Booklet ],Rap & Hip-Hop,$ 1.29,2011 Atlantic Recording Corporation for the United States and WEA International Inc. for the world outside of the United States,3:20,"March 28 , 2011"
804,Cameras [ Clean ],Wiz Khalifa,Rolling Papers ( Deluxe ) [ + Video ] [ + Digital Booklet ],Rap & Hip-Hop,$ 1.29,2011 Atlantic Recording Corporation for the United States and WEA International Inc. for the world outside of the United States,4:29,"March 28 , 2011"
805,Roll Up [ Clean ],Wiz Khalifa,Rolling Papers [ Clean ],Rap & Hip-Hop,$ 1.29,2011 Atlantic Recording Corporation for the United States and WEA International Inc. for the world outside of the United States,3:47,"March 28 , 2011"
806,Cameras [ Clean ],Wiz Khalifa,Rolling Papers [ Clean ],Rap & Hip-Hop,$ 1.29,2011 Atlantic Recording Corporation for the United States and WEA International Inc. for the world outside of the United States,4:29,"March 28 , 2011"
807,Scary Monsters And Nice Sprites ( Zedd Remix ),Skrillex,Scary Monsters And Nice Sprites EP [ Explicit ],"Electronica , Dance & Electronic , Dubstep",$ 1.29,( c ) 2013 Digitop Ltd,5:57,"December 21 , 2010"
808,All I Ask Of You ( Feat . Penny ),Skrillex,Scary Monsters And Nice Sprites EP [ Explicit ],"Electronica , Dance & Electronic , Dubstep",$ 1.29,( c ) 2013 Digitop Ltd,5:40,"December 21 , 2010"
809,Scary Monsters And Nice Sprites ( Noisa Remix ),Skrillex,Scary Monsters And Nice Sprites EP [ Explicit ],"Electronica , Dance & Electronic , Dubstep",$ 1.29,( c ) 2013 Digitop Ltd,3:24,"December 21 , 2010"
810,Kill Everybody,Skrillex,Scary Monsters And Nice Sprites EP [ Explicit ],"Electronica , Dance & Electronic , Dubstep",$ 1.29,( c ) 2013 Digitop Ltd,4:58,"December 21 , 2010"
811,Kill Everybody ( Bare Noize Remix ),Skrillex,Scary Monsters And Nice Sprites EP [ Explicit ],"Electronica , Dance & Electronic , Dubstep",$ 1.29,( c ) 2013 Digitop Ltd,4:41,"December 21 , 2010"
812,Confess To Me [ feat . Jessie Ware ],Disclosure,Settle ( Deluxe Edition ),"Electronica , Dance & Electronic",$ 1.29,"( C ) 2014 Universal Island Records , a division of Universal Music Operations Limited",4:10,"April 15 , 2014"
813,Voices ( Wookie Remix ) [ feat . Sasha Keable ],Disclosure,Settle ( The Remixes ),"Electronica , Dance & Electronic",$ 1.29,"( C ) 2013 Universal Island Records , a division of Universal Music Operations Limited",5:33,"December 16 , 2013"
814,Latch [ feat . Sam Smith ],Disclosure,Settle,"Electronica , Dance & Electronic",$ 1.29,"( C ) 2013 Universal Island Records , a division of Universal Music Operations Limited",4:15,"June 11 , 2013"
815,Second Chance,Disclosure,Settle,"Electronica , Dance & Electronic",$ 1.29,"( C ) 2013 Universal Island Records , a division of Universal Music Operations Limited",2:27,"June 11 , 2013"
816,You & Me [ feat . Eliza Doolittle ],Disclosure,Settle,"Electronica , Dance & Electronic",$ 1.29,"( C ) 2013 Universal Island Records , a division of Universal Music Operations Limited",4:27,"June 11 , 2013"
817,Help Me Lose My Mind [ feat . London Grammar ],Disclosure,Settle,"Electronica , Dance & Electronic",$ 1.29,"( C ) 2013 Universal Island Records , a division of Universal Music Operations Limited",4:05,"June 11 , 2013"
818,You & Me [ feat . Eliza Doolittle ],Disclosure,Settle,"Electronica , Dance & Electronic",$ 1.29,"( C ) 2013 Universal Island Records , a division of Universal Music Operations Limited",4:27,"June 11 , 2013"
819,Defeated No More [ feat . Edward Macfarlane ],Disclosure,Settle,"Electronica , Dance & Electronic",$ 1.29,"( C ) 2013 Universal Island Records , a division of Universal Music Operations Limited",6:07,"June 11 , 2013"
820,Take ÌÏ There ( feat . Kiesza ),"Skrillex , Diplo",Skrillex and Diplo present Jack ÌÏ [ Explicit ],Dance & Electronic,$ 1.29,2012 Knight Skreams,3:30,"February 24 , 2015"
821,Take ÌÏ There ( feat . Kiesza ) [ Missy Elliott Remix ] [ Bonus Track ],"Skrillex , Diplo",Skrillex and Diplo present Jack ÌÏ [ Explicit ],Dance & Electronic,$ 1.29,2012 Knight Skreams,3:30,"February 24 , 2015"
822,To ÌÏ ( feat . AlunaGeorge ),"Skrillex , Diplo",Skrillex and Diplo present Jack ÌÏ [ Explicit ],Dance & Electronic,$ 1.29,2012 Knight Skreams,3:57,"February 24 , 2015"
823,Febreze ( feat . 2 Chainz ) [ Explicit ],"Skrillex , Diplo",Skrillex and Diplo present Jack ÌÏ [ Explicit ],Dance & Electronic,$ 1.29,2012 Knight Skreams,3:34,"February 24 , 2015"
824,To ÌÏ ( feat . AlunaGeorge ),"Skrillex , Diplo",Skrillex and Diplo present Jack ÌÏ [ Explicit ],Dance & Electronic,$ 1.29,2012 Knight Skreams,3:57,"February 24 , 2015"
825,Slow Down ( Smash Mode Remix ),Selena Gomez,Slow Down Remixes,Dance & Electronic,$ 1.29,"( C ) 2013 Hollywood Records , Inc.",5:21,"August 20 , 2013"
826,Intro ( Scary Fairy ) [ Live From Washington State ],Shinedown,Somewhere In The Stratosphere,Rock,$ 1.29,( C ) 2005 MCA Nashville,1:02,"April 18 , 2011"
827,Diamond Eyes ( Boom-Lay Boom-Lay Boom ) [ Live From Washington State ],Shinedown,Somewhere In The Stratosphere,Rock,$ 1.29,( C ) 2005 MCA Nashville,5:44,"April 18 , 2011"
828,Burning Bright ( Live From Washington State ),Shinedown,Somewhere In The Stratosphere,Rock,$ 1.29,( C ) 2005 MCA Nashville,3:53,"April 18 , 2011"
829,Left Out ( Live From Washington State ),Shinedown,Somewhere In The Stratosphere,Rock,$ 1.29,( C ) 2005 MCA Nashville,5:54,"April 18 , 2011"
830,Simple Man ( Live From Washington State ),Shinedown,Somewhere In The Stratosphere,Rock,$ 1.29,( C ) 2005 MCA Nashville,7:35,"April 18 , 2011"
831,Heroes ( Live Acoustic From Kansas City ),Shinedown,Somewhere In The Stratosphere,Rock,$ 1.29,( C ) 2005 MCA Nashville,8:09,"April 18 , 2011"
832,If You Only Knew ( Live Acoustic From Kansas City ),Shinedown,Somewhere In The Stratosphere,Rock,$ 1.29,( C ) 2005 MCA Nashville,3:55,"April 18 , 2011"
833,45 ( Live Acoustic From Kansas City ),Shinedown,Somewhere In The Stratosphere,Rock,$ 1.29,( C ) 2005 MCA Nashville,6:12,"April 18 , 2011"
834,Times Like These ( Live Acoustic From Kansas City ),Shinedown,Somewhere In The Stratosphere,Rock,$ 1.29,( C ) 2005 MCA Nashville,4:07,"April 18 , 2011"
835,Devour ( Live Acoustic From Kansas City ),Shinedown,Somewhere In The Stratosphere,Rock,$ 1.29,( C ) 2005 MCA Nashville,3:53,"April 18 , 2011"
836,Long Live,Taylor Swift,Speak Now,"Country , Country Rock , Pop , Rock",$ 1.29,"( C ) 2010 Big Machine Records , LLC .",5:17,"October 25 , 2010"
837,Spectrum ( Extended Mix ) [ feat . Matthew Koma ],Zedd,Spectrum EP,Dance & Electronic,$ 1.29,( C ) 2012 Interscope Records,6:01,"July 31 , 2012"
838,Spectrum ( Arty Remix ) [ feat . Matthew Koma ],Zedd,Spectrum EP,Dance & Electronic,$ 1.29,( C ) 2012 Interscope Records,6:05,"July 31 , 2012"
839,Spectrum ( Deniz Koyu Remix ) [ feat . Matthew Koma ],Zedd,Spectrum EP,Dance & Electronic,$ 1.29,( C ) 2012 Interscope Records,6:35,"July 31 , 2012"
840,Are You Leaving With Him,Luke Bryan,Spring Break ... Checkin ' Out,Country,$ 1.29,( C ) 2015 Capitol Records Nashville,3:24,"March 10 , 2015"
841,Stars Come Out ( Dillon Francis Remix ),Zedd,Stars Come Out [ Dillon Francis Remix ],Dance & Electronic,$ 1.29,2012 Dim Mak Inc.,4:08,"May 20 , 2014"
842,Your Side Of Town,Maddie & Tae,Start Here,Country,$ 1.29,"( C ) 2015 Republic Records , a Division of UMG Recordings , Inc. ( Dot Records )",3:02,"August 28 , 2015"
843,Stop Me,Mark Ronson feat . Daniel Merriweather,Stop Me,Pop,$ 0.99,"( C ) 2014 Lichtdicht Records Under exclusive license in the US to Republic Records , Inc. , A Divison Of UMG Recordings",3:53,"March 16 , 2007"
844,If You 're Thinking You Want A Stranger ( There 's One Coming Home ),George Strait,Strait Country,Country,$ 1.29,( C ) 1981 MCA Records Inc.,2:57,"September 23 , 1987"
845,Over My Dead Body [ Clean ],Drake,Take Care ( Deluxe Edition ),Rap & Hip-Hop,$ 1.29,( C ) 2012 Cash Money Records Inc.,4:32,"March 20 , 2012"
846,Make Me Proud [ feat . Nicki Minaj ] [ Clean ],Drake,Take Care ( Deluxe Edition ),Rap & Hip-Hop,$ 1.29,( C ) 2012 Cash Money Records Inc.,3:39,"March 20 , 2012"
847,The Real Her [ feat . Andre 3000 ] [ Explicit ],Drake,Take Care ( Deluxe Edition ) [ Explicit ],Rap & Hip-Hop,$ 1.29,( C ) 2012 Cash Money Records Inc.,5:21,"March 20 , 2012"
848,I Ai n't Livin ' Long Like This,Chris Janson,Take It to the Bank ( EP ),Country,$ 1.29,( C ) 2012 Cash Money Records Inc.,4:13,"February 24 , 2014"
849,Change My Mind,One Direction,Take Me Home : Yearbook Edition,Pop,$ 1.29,2008 Big Love,3:32,"November 9 , 2012"
850,Take ÌÏ There ( feat . Kiesza ) [ Netsky Remix ],Skrillex & Diplo,Take ÌÏ There ( feat . Kiesza ) [ Remixes ],Dance & Electronic,$ 1.29,2010 Robbins Entertainment LLC,3:29,"December 23 , 2014"
851,Take ÌÏ There ( feat . Kiesza ) [ Felix Cartal Remix ],Skrillex & Diplo,Take ÌÏ There ( feat . Kiesza ) [ Remixes ],Dance & Electronic,$ 1.29,2010 Robbins Entertainment LLC,4:22,"December 23 , 2014"
852,Kama Sutra ( feat . Kid Ink ),Jason Derulo,Talk Dirty [ Clean ],Pop,$ 1.29,2014 Warner Bros. . Records Inc.,3:36,"September 10 , 2013"
853,Tattoos On This Town [ Explicit ],Like Tattoos On This Town,Tattoos On This Town - Single ( Jason Aldean Tribute ) [ Explicit ],Country,$ 0.99,2012 Music Club,3:28,"June 14 , 2012"
854,How You Get The Girl ( Karaoke Version ),Taylor Swift,Taylor Swift Karaoke : 1989,Pop,$ 1.29,"( C ) 2014 Big Machine Records , LLC",4:05,"March 3 , 2015"
855,Teardrops On My Guitar ( Radio Single Remix ),Taylor Swift,Taylor Swift,Country,$ 1.29,"( C ) 2008 Big Machine Records , LLC All Rights Reserved Under License to UMGD",3:23,"March 18 , 2008"
856,Gim me Something Good ( Live At Carnegie Hall / 11/17/2014 ) [ Explicit ],Ryan Adams,Ten Songs From Live At Carnegie Hall [ Explicit ],Rock,$ 1.29,( C ) 2015 PaxAmericana Recording Company Under Exclusive License To Blue Note Records,6:36,"June 9 , 2015"
857,"Fancy ( Edited ) [ feat . T.I. , Swizz Beatz ]",Drake,Thank Me Later ( Edited Version ),Rap & Hip-Hop,$ 1.29,( C ) 2010 Young Money Entertainment/Cash Money Records/Universal Motown,5:19,"June 16 , 2010"
858,Show Me A Good Time ( Explicit ),Drake,Thank Me Later ( Explicit Version ) [ Explicit ],Rap & Hip-Hop,$ 1.29,( C ) 2010 Young Money Entertainment/Cash Money Records,3:30,"June 15 , 2010"
859,Up All Night ( Explicit ) [ feat . Nicki Minaj ],Drake,Thank Me Later ( Explicit Version ) [ Explicit ],Rap & Hip-Hop,$ 1.29,( C ) 2010 Young Money Entertainment/Cash Money Records,3:54,"June 15 , 2010"
860,Light Up ( Explicit ) [ feat . JAY-Z ],Drake,Thank Me Later ( Explicit Version ) [ Explicit ],Rap & Hip-Hop,$ 1.29,( C ) 2010 Young Money Entertainment/Cash Money Records,4:34,"June 15 , 2010"
861,The A Team,Ed Sheeran,The A Team ( EP ),Pop,$ 1.29,Sam Hunt & David Kilgour / Bandit King Records,4:18,"December 6 , 2011"
862,Let Us Worship Him,Yolanda Adams,The Best Of Yolanda Adams,"Gospel , Christian",$ 0.99,( C ) 2004 Universal International Music BV,3:37,"January 1 , 1990"
863,Just Dance [ feat . Colby O'Donis ],Lady Gaga,The Fame Monster ( Deluxe ),Pop,$ 0.99,( C ) 2009 Interscope Records,4:01,"November 23 , 2009"
864,Fly ( Explicit ) [ feat . Jazze Pha ],David Banner,The Greatest Story Ever Told ( Explicit Version ),Rap & Hip-Hop,$ 0.99,"( C ) 2012 Universal Republic Records , a division of UMG Recordings , Inc.",3:10,"July 15 , 2008"
865,Neon Cathedral ( feat . Allen Stone ),Macklemore & Ryan Lewis,The Heist [ Clean ],Rap & Hip-Hop,$ 1.29,2014 Selena Garcia & Steven Gomez,4:33,"October 9 , 2012"
866,Thrift Shop ( feat . Wanz ) [ Explicit ],Macklemore & Ryan Lewis,The Heist [ Deluxe Edition ] [ Explicit ],Rap & Hip-Hop,$ 1.29,2014 Selena Garcia & Steven Gomez,3:55,"October 9 , 2012"
867,"White Walls ( feat . ScHoolboy Q , Hollis ) [ Explicit ]",Macklemore & Ryan Lewis,The Heist [ Deluxe Edition ] [ Explicit ],Rap & Hip-Hop,$ 1.29,2014 Selena Garcia & Steven Gomez,3:40,"October 9 , 2012"
868,Thrift Shop ( feat . Wanz ) [ Explicit ],Macklemore & Ryan Lewis,The Heist [ Explicit ],Rap & Hip-Hop,$ 1.29,2014 Selena Garcia & Steven Gomez,3:55,"October 9 , 2012"
869,Neon Cathedral ( feat . Allen Stone ),Macklemore & Ryan Lewis,The Heist [ Explicit ],Rap & Hip-Hop,$ 1.29,2014 Selena Garcia & Steven Gomez,4:34,"October 9 , 2012"
870,Cowboy Boots,Macklemore & Ryan Lewis,The Heist [ Explicit ],Rap & Hip-Hop,$ 1.29,2014 Selena Garcia & Steven Gomez,4:17,"October 9 , 2012"
871,Cowboy Boots,Macklemore & Ryan Lewis,The Heist [ Explicit ],Rap & Hip-Hop,$ 1.29,2014 Selena Garcia & Steven Gomez,4:17,"October 9 , 2012"
872,"Bard , a Man of Lake-town ( Extended Version )",Howard Shore,The Hobbit : The Desolation of Smaug ( Original Motion Picture Soundtrack ) [ Special Edition ],Soundtracks,$ 1.29,2013 WaterTower Music / Warner Bros. . Entertainment / Metro - Goldwyn Mayer Pictures Inc.,3:18,"December 10 , 2013"
873,The High Fells ( Extended Version ),Howard Shore,The Hobbit : The Desolation of Smaug ( Original Motion Picture Soundtrack ) [ Special Edition ],Soundtracks,$ 1.29,2013 WaterTower Music / Warner Bros. . Entertainment / Metro - Goldwyn Mayer Pictures Inc.,3:38,"December 10 , 2013"
874,My Armor Is Iron,Howard Shore,The Hobbit : The Desolation of Smaug ( Original Motion Picture Soundtrack ) [ Special Edition ],Soundtracks,$ 1.29,2013 WaterTower Music / Warner Bros. . Entertainment / Metro - Goldwyn Mayer Pictures Inc.,5:16,"December 10 , 2013"
875,The Legend Of Zelda ( Electrixx Remix ),Zedd,The Legend Of Zelda,"Electronica , Dance & Electronic",$ 0.89,"2011 Bazooka , a division of zooland Music GmbH",6:09,"May 27 , 2011"
876,The Machines ( feat . Cevin Fisher ),"Mark Knight , Harry Romero , Chus & Ceballos",The Machines ( feat . Cevin Fisher ),"Electronica , Dance & Electronic , House",$ 1.29,Toolroom Productions,8:23,"June 22 , 2015"
877,Shining,X Ambassadors,The Reason EP,Alternative Rock,$ 1.29,( C ) 2015 KIDinaKORNER/Interscope Records,3:37,"August 10 , 2015"
878,Alejandro ( The Sound of Arrows Remix ),Lady Gaga,The Remix,Pop,$ 1.29,( C ) 2010 Interscope,3:57,"August 3 , 2010"
879,Tequila Loves Me,Kenny Chesney,The Road And The Radio,Country,$ 0.99,Toolroom Productions,4:06,"November 7 , 2005"
880,Son Of Sam ( Bonus Track ),Shinedown,The Sound Of Madness [ Explicit ] [ Deluxe ],Rock,$ 0.99,2005 Z Records,3:37,"June 24 , 2008"
881,Her Name Is Alice ( Bonus Track ),Shinedown,The Sound Of Madness [ Explicit ] [ Deluxe ],Rock,$ 1.29,2005 Z Records,3:38,"June 24 , 2008"
882,I Own You ( Bonus Track ),Shinedown,The Sound of Madness [ Deluxe ],Rock,$ 1.29,( C ) 2006 Vanguard,3:37,"June 23 , 2008"
883,Through the Ghost,Shinedown,The Studio Album Collection,Rock,$ 1.29,2013 Atlantic Recording Corporation for the United States and WEA International Inc. for the world outside of the United States . A Warner Music Group Company,4:01,"November 8 , 2013"
884,Bully ( The Live Room ),Shinedown,The Warner Sound Live Room EP,Rock,$ 1.29,2013 Atlantic Recording Corporation for the United States and WEA International Inc. for the world outside of the United States,4:02,"May 28 , 2013"
885,Miracle ( The Live Room ),Shinedown,The Warner Sound Live Room EP,Rock,$ 1.29,2013 Atlantic Recording Corporation for the United States and WEA International Inc. for the world outside of the United States,3:35,"May 28 , 2013"
886,This Is How We Roll ( Remix ) [ feat . Luke Bryan ],Florida Georgia Line,This Is How We Roll ( Remix ),Pop,$ 1.29,"( C ) 2014 Big Machine Label Group , LLC",3:27,"June 4 , 2014"
887,Burning Down The House ( Live ),Walk the Moon,Tightrope EP,Alternative Rock,$ 1.29,"( C ) 2012 The Weeknd XO , Inc.",3:51,"January 18 , 2013"
888,Titanium ( feat . Sia ) [ Cazzette 's Ant Seeking Hamster Mix ],David Guetta,Titanium ( Feat . Sia ),Dance & Electronic,$ 0.99,"2011 What A Music Ltd , licence exclusive Parlophone Music France",6:37,"January 20 , 2012"
889,Credit,Meghan Trainor,Title ( Deluxe ),Pop,$ 1.29,"2011 What A Music Ltd , licence exclusive Parlophone Music France",2:51,"January 9 , 2015"
890,The Birds Pt. 2 ( Album Version ( Edited ) ) [ Clean ],The Weeknd,Trilogy ( Edited Version ) [ Clean ],R&B,$ 1.29,"( C ) 2013 XO & co. , Inc.",5:53,"September 18 , 2015"
891,Gone ( Album Version ( Edited ) ) [ Clean ],The Weeknd,Trilogy ( Edited Version ) [ Clean ],R&B,$ 1.29,"( C ) 2013 XO & co. , Inc.",8:07,"September 18 , 2015"
892,Transmission [ feat . X Ambassadors ],Zedd,True Colors,Dance & Electronic,$ 1.29,( C ) 2015 Interscope Records,4:02,"May 18 , 2015"
893,Papercut [ feat . Troye Sivan ],Zedd,True Colors,Dance & Electronic,$ 1.29,( C ) 2015 Interscope Records,7:23,"May 18 , 2015"
894,Illusion [ feat . Echosmith ],Zedd,True Colors,Dance & Electronic,$ 1.29,( C ) 2015 Interscope Records,6:25,"May 18 , 2015"
895,Love Song,P!nk,Try This [ Explicit ],Pop,$ 0.99,CWM records,2:27,"November 11 , 2003"
896,Crack In the Pearl,Mark Ronson,Uptown Special [ Clean ],Pop,$ 1.29,2015 Real Sounds,2:25,"January 13 , 2015"
897,"Crack In the Pearl , Pt . II",Mark Ronson,Uptown Special [ Clean ],Pop,$ 1.29,2015 Real Sounds,2:16,"January 13 , 2015"
898,Save Me [ Acoustic ],Shinedown,Us And Them ( Deluxe ) [ Explicit ],Rock,$ 1.29,2015 Real Sounds,3:22,"October 4 , 2005"
899,Carried Away [ Demo ],Shinedown,Us And Them ( Deluxe ) [ Explicit ],Rock,$ 1.29,2015 Real Sounds,3:14,"October 4 , 2005"
900,Fake [ Demo ],Shinedown,Us And Them ( Deluxe ) [ Explicit ],Rock,$ 1.29,2015 Real Sounds,5:05,"October 4 , 2005"
901,Fake,Shinedown,Us And Them,Rock,$ 1.29,2015 Real Sounds,4:01,"October 4 , 2005"
902,Adam & Noah 's Priorities ( Interlude ),X Ambassadors,VHS [ Clean ],Alternative Rock,$ 1.29,( C ) 2015 KIDinaKORNER/Interscope Records,0:27,"June 30 , 2015"
903,VHS Outro ( Interlude ) [ Clean ],X Ambassadors,VHS [ Clean ],Alternative Rock,$ 1.29,( C ) 2015 KIDinaKORNER/Interscope Records,1:26,"June 30 , 2015"
904,Moving Day ( Interlude ),X Ambassadors,VHS [ Clean ],Alternative Rock,$ 1.29,( C ) 2015 KIDinaKORNER/Interscope Records,0:19,"June 30 , 2015"
905,Moving Day ( Interlude ),X Ambassadors,VHS [ Explicit ],Alternative Rock,$ 1.29,( C ) 2015 KIDinaKORNER/Interscope Records,0:19,"June 30 , 2015"
906,Smoke ( Interlude ) [ Explicit ],X Ambassadors,VHS [ Explicit ],Alternative Rock,$ 1.29,( C ) 2015 KIDinaKORNER/Interscope Records,0:24,"June 30 , 2015"
907,Y2K Time Capsule ( Interlude ),X Ambassadors,VHS [ Explicit ],Alternative Rock,$ 1.29,( C ) 2015 KIDinaKORNER/Interscope Records,0:32,"June 30 , 2015"
908,Smoke ( Interlude ) [ Explicit ],X Ambassadors,VHS [ Explicit ],Alternative Rock,$ 1.29,( C ) 2015 KIDinaKORNER/Interscope Records,0:24,"June 30 , 2015"
909,Adam & Noah 's Priorities ( Interlude ),X Ambassadors,VHS [ Explicit ],Alternative Rock,$ 1.29,( C ) 2015 KIDinaKORNER/Interscope Records,0:27,"June 30 , 2015"
910,Moving Day ( Interlude ),X Ambassadors,VHS [ Explicit ],Alternative Rock,$ 1.29,( C ) 2015 KIDinaKORNER/Interscope Records,0:19,"June 30 , 2015"
911,Smoke ( Interlude ) [ Explicit ],X Ambassadors,VHS [ Explicit ],Alternative Rock,$ 1.29,( C ) 2015 KIDinaKORNER/Interscope Records,0:24,"June 30 , 2015"
912,VHS Outro ( Interlude ) [ Explicit ],X Ambassadors,VHS [ Explicit ],Alternative Rock,$ 1.29,( C ) 2015 KIDinaKORNER/Interscope Records,1:25,"June 30 , 2015"
913,Moving Day ( Interlude ),X Ambassadors,VHS [ Explicit ],Alternative Rock,$ 1.29,( C ) 2015 KIDinaKORNER/Interscope Records,0:19,"June 30 , 2015"
914,First Show ( Interlude ),X Ambassadors,VHS [ Explicit ],Alternative Rock,$ 1.29,( C ) 2015 KIDinaKORNER/Interscope Records,0:11,"June 30 , 2015"
915,VHS Outro ( Interlude ) [ Explicit ],X Ambassadors,VHS [ Explicit ],Alternative Rock,$ 1.29,( C ) 2015 KIDinaKORNER/Interscope Records,1:25,"June 30 , 2015"
916,Outversion,Mark Ronson,Version [ Explicit ],Pop,$ 0.99,( c ) 2011 J'adore Records,1:50,"July 10 , 2007"
917,Truce,twenty one pilots,Vessel,"Alternative Rock , Indie & Lo-Fi",$ 1.29,"( C ) 2000 Columbia Pictures Industries , Inc.",2:22,"January 4 , 2013"
918,We Dem Boyz [ Explicit ],Wiz Khalifa,We Dem Boyz [ Explicit ],Rap & Hip-Hop,$ 1.29,2014 Atlantic Recording Corporation for the United States and WEA International Inc. for the world outside of the United States . A Warner Music Group Company,3:45,"February 11 , 2014"
919,Man of the Year ( feat . Lil Wayne ) [ Explicit ],Flo Rida,Welcome to Flo Rida [ Explicit ],Rap & Hip-Hop,$ 0.99,2015 CMG Records,3:01,"April 6 , 2015"
920,Street Money ( feat . Rick Ross ) [ Explicit ],Flo Rida,Welcome to Flo Rida [ Explicit ],Rap & Hip-Hop,$ 0.99,2015 CMG Records,3:57,"April 6 , 2015"
921,When Love Takes Over ( feat . Kelly Rowland ) [ Electro Radio Edit ],David Guetta,When Love Takes Over ( feat . Kelly Rowland ),Dance & Electronic,$ 0.99,"( C ) 2015 The Valory Music Co. , LLC",3:02,"May 5 , 2009"
922,When Love Takes Over ( Feat . Kelly Rowland - Electro Extended ),David Guetta,When Love Takes Over ( feat . Kelly Rowland ),Dance & Electronic,$ 0.99,"( C ) 2015 The Valory Music Co. , LLC",8:20,"May 5 , 2009"
923,Old Blue Chair,Kenny Chesney,When The Sun Goes Down ( Deluxe Version ),Country,$ 1.29,2012 Pinecastle Records,3:25,"February 2 , 2004"
924,Live Those Songs ( Live ),Kenny Chesney,When The Sun Goes Down ( Deluxe Version ),Country,$ 0.99,2012 Pinecastle Records,4:09,"February 2 , 2004"
925,Where Are ÌÏ Now ( with Justin Bieber ) [ Marshmello Remix ],Skrillex & Diplo,Where Are ÌÏ Now ( with Justin Bieber ) [ Remixes ],Dance & Electronic,$ 1.29,2015 OWSLA / Mad Decent / Atlantic Recording Corporation for the United States and WEA International Inc. for the world outside of the United States . A Warner Music Group Company,3:26,"June 16 , 2015"
926,Wild Ones ( Feat . Sia ) ( Maison & Dragen Remix ),Flo Rida,Wild Ones ( Feat . Sia ) [ Remixes Pt. 2 ],"Dance & Electronic , House",$ 1.29,"( C ) 2015 MCA Nashville , a Division of UMG Recordings , Inc.",6:06,"April 24 , 2012"
927,Wild Ones ( feat . Sia ),Flo Rida,Wild Ones,"Dance & Electronic , Rap & Hip-Hop , House",$ 1.29,"( C ) 2015 MCA Nashville , a Division of UMG Recordings , Inc.",3:52,"June 22 , 2012"
928,Sweet Spot ( feat . Jennifer Lopez ),Flo Rida,Wild Ones,"Dance & Electronic , Rap & Hip-Hop , House",$ 1.29,"( C ) 2015 MCA Nashville , a Division of UMG Recordings , Inc.",3:48,"June 22 , 2012"
929,Woman Like Me ( Dillon Francis Remix ),"Willy Joy , Flosstradamus , Dillon Francis , Bird Peterson , Cousin Cole , Flinch",Woman Like Me Remixes,Dance & Electronic,$ 0.99,( c ) 2011 Copyright Top Billin,5:22,"September 30 , 2011"
930,Yao Ming ( feat . Wayne & 2 Chainz ) [ Explicit ],David Banner,Yao Ming ( feat . Wayne & 2 Chainz ) [ Explicit ],Rap & Hip-Hop,$ 0.99,2013 b.i.G. f.a.c.e. Ent,3:47,"December 20 , 2011"
931,Autonomy ( Lucky Date Mix ),Zedd,Zedd - Autonomy,"Electronica , Dance & Electronic",$ 0.99,( C ) 2014 Wolf Tone Limited,5:59,"March 28 , 2011"
932,Afire Love,Ed Sheeran,x,Pop,$ 1.29,( C ) 2014 mau5trap Recordings Ltd,5:14,"June 20 , 2014"
